relative_path,filepath,filename,label,severity,hayashi,size_kb,split
data/raw/acne_1024/acne0_1024/levle0_1.jpg,data/raw/acne_1024/acne0_1024/levle0_1.jpg,levle0_1.jpg,0,Level 0 (Normal / Clear),0-5 Lesions,114.35,train
data/raw/acne_1024/acne0_1024/levle0_10.jpg,data/raw/acne_1024/acne0_1024/levle0_10.jpg,levle0_10.jpg,0,Level 0 (Normal / Clear),0-5 Lesions,42.43,test
data/raw/acne_1024/acne0_1024/levle0_100.jpg,data/raw/acne_1024/acne0_1024/levle0_100.jpg,levle0_100.jpg,0,Level 0 (Normal / Clear),0-5 Lesions,95.0,train
data/raw/acne_1024/acne0_1024/levle0_101.jpg,data/raw/acne_1024/acne0_1024/levle0_101.jpg,levle0_101.jpg,0,Level 0 (Normal / Clear),0-5 Lesions,119.82,train
data/raw/acne_1024/acne0_1024/levle0_102.jpg,data/raw/acne_1024/acne0_1024/levle0_102.jpg,levle0_102.jpg,0,Level 0 (Normal / Clear),0-5 Lesions,98.71,val
data/raw/acne_1024/acne0_1024/levle0_103.jpg,data/raw/acne_1024/acne0_1024/levle0_103.jpg,levle0_103.jpg,0,Level 0 (Normal / Clear),0-5 Lesions,127.07,train
data/raw/acne_1024/acne0_1024/levle0_104.jpg,data/raw/acne_1024/acne0_1024/levle0_104.jpg,levle0_104.jpg,0,Level 0 (Normal / Clear),0-5 Lesions,130.65,train
data/raw/acne_1024/acne0_1024/levle0_105.jpg,data/raw/acne_1024/acne0_1024/levle0_105.jpg,levle0_105.jpg,0,Level 0 (Normal / Clear),0-5 Lesions,82.72,train
data/raw/acne_1024/acne0_1024/levle0_106.jpg,data/raw/acne_1024/acne0_1024/levle0_106.jpg,levle0_106.jpg,0,Level 0 (Normal / Clear),0-5 Lesions,115.48,val
data/raw/acne_1024/acne0_1024/levle0_107.jpg,data/raw/acne_1024/acne0_1024/levle0_107.jpg,levle0_107.jpg,0,Level 0 (Normal / Clear),0-5 Lesions,122.88,train
data/raw/acne_1024/acne0_1024/levle0_108.jpg,data/raw/acne_1024/acne0_1024/levle0_108.jpg,levle0_108.jpg,0,Level 0 (Normal / Clear),0-5 Lesions,107.49,train
data/raw/acne_1024/acne0_1024/levle0_109.jpg,data/raw/acne_1024/acne0_1024/levle0_109.jpg,levle0_109.jpg,0,Level 0 (Normal / Clear),0-5 Lesions,110.8,train
data/raw/acne_1024/acne0_1024/levle0_110.jpg,data/raw/acne_1024/acne0_1024/levle0_110.jpg,levle0_110.jpg,0,Level 0 (Normal / Clear),0-5 Lesions,87.37,train
data/raw/acne_1024/acne0_1024/levle0_111.jpg,data/raw/acne_1024/acne0_1024/levle0_111.jpg,levle0_111.jpg,0,Level 0 (Normal / Clear),0-5 Lesions,135.79,val
data/raw/acne_1024/acne0_1024/levle0_112.jpg,data/raw/acne_1024/acne0_1024/levle0_112.jpg,levle0_112.jpg,0,Level 0 (Normal / Clear),0-5 Lesions,82.37,val
data/raw/acne_1024/acne0_1024/levle0_113.jpg,data/raw/acne_1024/acne0_1024/levle0_113.jpg,levle0_113.jpg,0,Level 0 (Normal / Clear),0-5 Lesions,118.62,train
data/raw/acne_1024/acne0_1024/levle0_114.jpg,data/raw/acne_1024/acne0_1024/levle0_114.jpg,levle0_114.jpg,0,Level 0 (Normal / Clear),0-5 Lesions,147.74,train
data/raw/acne_1024/acne0_1024/levle0_115.jpg,data/raw/acne_1024/acne0_1024/levle0_115.jpg,levle0_115.jpg,0,Level 0 (Normal / Clear),0-5 Lesions,127.29,train
data/raw/acne_1024/acne0_1024/levle0_116.jpg,data/raw/acne_1024/acne0_1024/levle0_116.jpg,levle0_116.jpg,0,Level 0 (Normal / Clear),0-5 Lesions,103.88,train
data/raw/acne_1024/acne0_1024/levle0_117.jpg,data/raw/acne_1024/acne0_1024/levle0_117.jpg,levle0_117.jpg,0,Level 0 (Normal / Clear),0-5 Lesions,134.22,train
data/raw/acne_1024/acne0_1024/levle0_118.jpg,data/raw/acne_1024/acne0_1024/levle0_118.jpg,levle0_118.jpg,0,Level 0 (Normal / Clear),0-5 Lesions,102.53,val
data/raw/acne_1024/acne0_1024/levle0_119.jpg,data/raw/acne_1024/acne0_1024/levle0_119.jpg,levle0_119.jpg,0,Level 0 (Normal / Clear),0-5 Lesions,77.26,val
data/raw/acne_1024/acne0_1024/levle0_120.jpg,data/raw/acne_1024/acne0_1024/levle0_120.jpg,levle0_120.jpg,0,Level 0 (Normal / Clear),0-5 Lesions,118.53,train
data/raw/acne_1024/acne0_1024/levle0_121.jpg,data/raw/acne_1024/acne0_1024/levle0_121.jpg,levle0_121.jpg,0,Level 0 (Normal / Clear),0-5 Lesions,99.84,train
data/raw/acne_1024/acne0_1024/levle0_122.jpg,data/raw/acne_1024/acne0_1024/levle0_122.jpg,levle0_122.jpg,0,Level 0 (Normal / Clear),0-5 Lesions,57.78,train
data/raw/acne_1024/acne0_1024/levle0_123.jpg,data/raw/acne_1024/acne0_1024/levle0_123.jpg,levle0_123.jpg,0,Level 0 (Normal / Clear),0-5 Lesions,77.26,train
data/raw/acne_1024/acne0_1024/levle0_124.jpg,data/raw/acne_1024/acne0_1024/levle0_124.jpg,levle0_124.jpg,0,Level 0 (Normal / Clear),0-5 Lesions,93.79,train
data/raw/acne_1024/acne0_1024/levle0_125.jpg,data/raw/acne_1024/acne0_1024/levle0_125.jpg,levle0_125.jpg,0,Level 0 (Normal / Clear),0-5 Lesions,115.38,test
data/raw/acne_1024/acne0_1024/levle0_126.jpg,data/raw/acne_1024/acne0_1024/levle0_126.jpg,levle0_126.jpg,0,Level 0 (Normal / Clear),0-5 Lesions,101.02,train
data/raw/acne_1024/acne0_1024/levle0_127.jpg,data/raw/acne_1024/acne0_1024/levle0_127.jpg,levle0_127.jpg,0,Level 0 (Normal / Clear),0-5 Lesions,70.67,train
data/raw/acne_1024/acne0_1024/levle0_128.jpg,data/raw/acne_1024/acne0_1024/levle0_128.jpg,levle0_128.jpg,0,Level 0 (Normal / Clear),0-5 Lesions,135.89,train
data/raw/acne_1024/acne0_1024/levle0_129.jpg,data/raw/acne_1024/acne0_1024/levle0_129.jpg,levle0_129.jpg,0,Level 0 (Normal / Clear),0-5 Lesions,81.15,train
data/raw/acne_1024/acne0_1024/levle0_130.jpg,data/raw/acne_1024/acne0_1024/levle0_130.jpg,levle0_130.jpg,0,Level 0 (Normal / Clear),0-5 Lesions,116.4,test
data/raw/acne_1024/acne0_1024/levle0_131.jpg,data/raw/acne_1024/acne0_1024/levle0_131.jpg,levle0_131.jpg,0,Level 0 (Normal / Clear),0-5 Lesions,121.46,train
data/raw/acne_1024/acne0_1024/levle0_132.jpg,data/raw/acne_1024/acne0_1024/levle0_132.jpg,levle0_132.jpg,0,Level 0 (Normal / Clear),0-5 Lesions,143.97,test
data/raw/acne_1024/acne0_1024/levle0_133.jpg,data/raw/acne_1024/acne0_1024/levle0_133.jpg,levle0_133.jpg,0,Level 0 (Normal / Clear),0-5 Lesions,143.97,train
data/raw/acne_1024/acne0_1024/levle0_134.jpg,data/raw/acne_1024/acne0_1024/levle0_134.jpg,levle0_134.jpg,0,Level 0 (Normal / Clear),0-5 Lesions,104.64,train
data/raw/acne_1024/acne0_1024/levle0_135.jpg,data/raw/acne_1024/acne0_1024/levle0_135.jpg,levle0_135.jpg,0,Level 0 (Normal / Clear),0-5 Lesions,114.91,train
data/raw/acne_1024/acne0_1024/levle0_136.jpg,data/raw/acne_1024/acne0_1024/levle0_136.jpg,levle0_136.jpg,0,Level 0 (Normal / Clear),0-5 Lesions,120.57,train
data/raw/acne_1024/acne0_1024/levle0_137.jpg,data/raw/acne_1024/acne0_1024/levle0_137.jpg,levle0_137.jpg,0,Level 0 (Normal / Clear),0-5 Lesions,116.81,train
data/raw/acne_1024/acne0_1024/levle0_138.jpg,data/raw/acne_1024/acne0_1024/levle0_138.jpg,levle0_138.jpg,0,Level 0 (Normal / Clear),0-5 Lesions,98.62,val
data/raw/acne_1024/acne0_1024/levle0_139.jpg,data/raw/acne_1024/acne0_1024/levle0_139.jpg,levle0_139.jpg,0,Level 0 (Normal / Clear),0-5 Lesions,101.45,train
data/raw/acne_1024/acne0_1024/levle0_140.jpg,data/raw/acne_1024/acne0_1024/levle0_140.jpg,levle0_140.jpg,0,Level 0 (Normal / Clear),0-5 Lesions,86.03,train
data/raw/acne_1024/acne0_1024/levle0_141.jpg,data/raw/acne_1024/acne0_1024/levle0_141.jpg,levle0_141.jpg,0,Level 0 (Normal / Clear),0-5 Lesions,149.49,test
data/raw/acne_1024/acne0_1024/levle0_142.jpg,data/raw/acne_1024/acne0_1024/levle0_142.jpg,levle0_142.jpg,0,Level 0 (Normal / Clear),0-5 Lesions,88.75,train
data/raw/acne_1024/acne0_1024/levle0_143.jpg,data/raw/acne_1024/acne0_1024/levle0_143.jpg,levle0_143.jpg,0,Level 0 (Normal / Clear),0-5 Lesions,139.72,train
data/raw/acne_1024/acne0_1024/levle0_144.jpg,data/raw/acne_1024/acne0_1024/levle0_144.jpg,levle0_144.jpg,0,Level 0 (Normal / Clear),0-5 Lesions,133.18,train
data/raw/acne_1024/acne0_1024/levle0_145.jpg,data/raw/acne_1024/acne0_1024/levle0_145.jpg,levle0_145.jpg,0,Level 0 (Normal / Clear),0-5 Lesions,146.96,test
data/raw/acne_1024/acne0_1024/levle0_146.jpg,data/raw/acne_1024/acne0_1024/levle0_146.jpg,levle0_146.jpg,0,Level 0 (Normal / Clear),0-5 Lesions,143.89,val
data/raw/acne_1024/acne0_1024/levle0_147.jpg,data/raw/acne_1024/acne0_1024/levle0_147.jpg,levle0_147.jpg,0,Level 0 (Normal / Clear),0-5 Lesions,129.57,val
data/raw/acne_1024/acne0_1024/levle0_148.jpg,data/raw/acne_1024/acne0_1024/levle0_148.jpg,levle0_148.jpg,0,Level 0 (Normal / Clear),0-5 Lesions,107.69,test
data/raw/acne_1024/acne0_1024/levle0_149.jpg,data/raw/acne_1024/acne0_1024/levle0_149.jpg,levle0_149.jpg,0,Level 0 (Normal / Clear),0-5 Lesions,118.81,train
data/raw/acne_1024/acne0_1024/levle0_15.jpg,data/raw/acne_1024/acne0_1024/levle0_15.jpg,levle0_15.jpg,0,Level 0 (Normal / Clear),0-5 Lesions,115.74,val
data/raw/acne_1024/acne0_1024/levle0_150.jpg,data/raw/acne_1024/acne0_1024/levle0_150.jpg,levle0_150.jpg,0,Level 0 (Normal / Clear),0-5 Lesions,85.15,val
data/raw/acne_1024/acne0_1024/levle0_151.jpg,data/raw/acne_1024/acne0_1024/levle0_151.jpg,levle0_151.jpg,0,Level 0 (Normal / Clear),0-5 Lesions,130.32,val
data/raw/acne_1024/acne0_1024/levle0_152.jpg,data/raw/acne_1024/acne0_1024/levle0_152.jpg,levle0_152.jpg,0,Level 0 (Normal / Clear),0-5 Lesions,83.51,train
data/raw/acne_1024/acne0_1024/levle0_153.jpg,data/raw/acne_1024/acne0_1024/levle0_153.jpg,levle0_153.jpg,0,Level 0 (Normal / Clear),0-5 Lesions,133.94,train
data/raw/acne_1024/acne0_1024/levle0_154.jpg,data/raw/acne_1024/acne0_1024/levle0_154.jpg,levle0_154.jpg,0,Level 0 (Normal / Clear),0-5 Lesions,130.07,train
data/raw/acne_1024/acne0_1024/levle0_155.jpg,data/raw/acne_1024/acne0_1024/levle0_155.jpg,levle0_155.jpg,0,Level 0 (Normal / Clear),0-5 Lesions,80.96,val
data/raw/acne_1024/acne0_1024/levle0_156.jpg,data/raw/acne_1024/acne0_1024/levle0_156.jpg,levle0_156.jpg,0,Level 0 (Normal / Clear),0-5 Lesions,121.39,train
data/raw/acne_1024/acne0_1024/levle0_157.jpg,data/raw/acne_1024/acne0_1024/levle0_157.jpg,levle0_157.jpg,0,Level 0 (Normal / Clear),0-5 Lesions,135.93,train
data/raw/acne_1024/acne0_1024/levle0_158.jpg,data/raw/acne_1024/acne0_1024/levle0_158.jpg,levle0_158.jpg,0,Level 0 (Normal / Clear),0-5 Lesions,132.15,test
data/raw/acne_1024/acne0_1024/levle0_159.jpg,data/raw/acne_1024/acne0_1024/levle0_159.jpg,levle0_159.jpg,0,Level 0 (Normal / Clear),0-5 Lesions,84.42,val
data/raw/acne_1024/acne0_1024/levle0_16.jpg,data/raw/acne_1024/acne0_1024/levle0_16.jpg,levle0_16.jpg,0,Level 0 (Normal / Clear),0-5 Lesions,132.25,train
data/raw/acne_1024/acne0_1024/levle0_160.jpg,data/raw/acne_1024/acne0_1024/levle0_160.jpg,levle0_160.jpg,0,Level 0 (Normal / Clear),0-5 Lesions,118.74,test
data/raw/acne_1024/acne0_1024/levle0_161.jpg,data/raw/acne_1024/acne0_1024/levle0_161.jpg,levle0_161.jpg,0,Level 0 (Normal / Clear),0-5 Lesions,138.37,train
data/raw/acne_1024/acne0_1024/levle0_162.jpg,data/raw/acne_1024/acne0_1024/levle0_162.jpg,levle0_162.jpg,0,Level 0 (Normal / Clear),0-5 Lesions,126.82,train
data/raw/acne_1024/acne0_1024/levle0_163.jpg,data/raw/acne_1024/acne0_1024/levle0_163.jpg,levle0_163.jpg,0,Level 0 (Normal / Clear),0-5 Lesions,70.88,train
data/raw/acne_1024/acne0_1024/levle0_164.jpg,data/raw/acne_1024/acne0_1024/levle0_164.jpg,levle0_164.jpg,0,Level 0 (Normal / Clear),0-5 Lesions,94.77,train
data/raw/acne_1024/acne0_1024/levle0_165.jpg,data/raw/acne_1024/acne0_1024/levle0_165.jpg,levle0_165.jpg,0,Level 0 (Normal / Clear),0-5 Lesions,102.42,train
data/raw/acne_1024/acne0_1024/levle0_166.jpg,data/raw/acne_1024/acne0_1024/levle0_166.jpg,levle0_166.jpg,0,Level 0 (Normal / Clear),0-5 Lesions,93.53,train
data/raw/acne_1024/acne0_1024/levle0_167.jpg,data/raw/acne_1024/acne0_1024/levle0_167.jpg,levle0_167.jpg,0,Level 0 (Normal / Clear),0-5 Lesions,92.13,test
data/raw/acne_1024/acne0_1024/levle0_168.jpg,data/raw/acne_1024/acne0_1024/levle0_168.jpg,levle0_168.jpg,0,Level 0 (Normal / Clear),0-5 Lesions,116.66,train
data/raw/acne_1024/acne0_1024/levle0_169.jpg,data/raw/acne_1024/acne0_1024/levle0_169.jpg,levle0_169.jpg,0,Level 0 (Normal / Clear),0-5 Lesions,72.62,train
data/raw/acne_1024/acne0_1024/levle0_17.jpg,data/raw/acne_1024/acne0_1024/levle0_17.jpg,levle0_17.jpg,0,Level 0 (Normal / Clear),0-5 Lesions,44.03,train
data/raw/acne_1024/acne0_1024/levle0_170.jpg,data/raw/acne_1024/acne0_1024/levle0_170.jpg,levle0_170.jpg,0,Level 0 (Normal / Clear),0-5 Lesions,107.96,train
data/raw/acne_1024/acne0_1024/levle0_171.jpg,data/raw/acne_1024/acne0_1024/levle0_171.jpg,levle0_171.jpg,0,Level 0 (Normal / Clear),0-5 Lesions,82.31,train
data/raw/acne_1024/acne0_1024/levle0_172.jpg,data/raw/acne_1024/acne0_1024/levle0_172.jpg,levle0_172.jpg,0,Level 0 (Normal / Clear),0-5 Lesions,156.0,train
data/raw/acne_1024/acne0_1024/levle0_173.jpg,data/raw/acne_1024/acne0_1024/levle0_173.jpg,levle0_173.jpg,0,Level 0 (Normal / Clear),0-5 Lesions,122.95,train
data/raw/acne_1024/acne0_1024/levle0_174.jpg,data/raw/acne_1024/acne0_1024/levle0_174.jpg,levle0_174.jpg,0,Level 0 (Normal / Clear),0-5 Lesions,96.12,train
data/raw/acne_1024/acne0_1024/levle0_175.jpg,data/raw/acne_1024/acne0_1024/levle0_175.jpg,levle0_175.jpg,0,Level 0 (Normal / Clear),0-5 Lesions,94.81,test
data/raw/acne_1024/acne0_1024/levle0_176.jpg,data/raw/acne_1024/acne0_1024/levle0_176.jpg,levle0_176.jpg,0,Level 0 (Normal / Clear),0-5 Lesions,96.72,train
data/raw/acne_1024/acne0_1024/levle0_177.jpg,data/raw/acne_1024/acne0_1024/levle0_177.jpg,levle0_177.jpg,0,Level 0 (Normal / Clear),0-5 Lesions,83.83,train
data/raw/acne_1024/acne0_1024/levle0_178.jpg,data/raw/acne_1024/acne0_1024/levle0_178.jpg,levle0_178.jpg,0,Level 0 (Normal / Clear),0-5 Lesions,106.45,train
data/raw/acne_1024/acne0_1024/levle0_179.jpg,data/raw/acne_1024/acne0_1024/levle0_179.jpg,levle0_179.jpg,0,Level 0 (Normal / Clear),0-5 Lesions,120.17,train
data/raw/acne_1024/acne0_1024/levle0_180.jpg,data/raw/acne_1024/acne0_1024/levle0_180.jpg,levle0_180.jpg,0,Level 0 (Normal / Clear),0-5 Lesions,79.26,train
data/raw/acne_1024/acne0_1024/levle0_181.jpg,data/raw/acne_1024/acne0_1024/levle0_181.jpg,levle0_181.jpg,0,Level 0 (Normal / Clear),0-5 Lesions,86.69,train
data/raw/acne_1024/acne0_1024/levle0_182.jpg,data/raw/acne_1024/acne0_1024/levle0_182.jpg,levle0_182.jpg,0,Level 0 (Normal / Clear),0-5 Lesions,128.71,val
data/raw/acne_1024/acne0_1024/levle0_183.jpg,data/raw/acne_1024/acne0_1024/levle0_183.jpg,levle0_183.jpg,0,Level 0 (Normal / Clear),0-5 Lesions,101.09,val
data/raw/acne_1024/acne0_1024/levle0_184.jpg,data/raw/acne_1024/acne0_1024/levle0_184.jpg,levle0_184.jpg,0,Level 0 (Normal / Clear),0-5 Lesions,120.93,train
data/raw/acne_1024/acne0_1024/levle0_185.jpg,data/raw/acne_1024/acne0_1024/levle0_185.jpg,levle0_185.jpg,0,Level 0 (Normal / Clear),0-5 Lesions,153.84,train
data/raw/acne_1024/acne0_1024/levle0_186.jpg,data/raw/acne_1024/acne0_1024/levle0_186.jpg,levle0_186.jpg,0,Level 0 (Normal / Clear),0-5 Lesions,115.77,val
data/raw/acne_1024/acne0_1024/levle0_187.jpg,data/raw/acne_1024/acne0_1024/levle0_187.jpg,levle0_187.jpg,0,Level 0 (Normal / Clear),0-5 Lesions,131.02,train
data/raw/acne_1024/acne0_1024/levle0_188.jpg,data/raw/acne_1024/acne0_1024/levle0_188.jpg,levle0_188.jpg,0,Level 0 (Normal / Clear),0-5 Lesions,147.43,train
data/raw/acne_1024/acne0_1024/levle0_189.jpg,data/raw/acne_1024/acne0_1024/levle0_189.jpg,levle0_189.jpg,0,Level 0 (Normal / Clear),0-5 Lesions,156.43,train
data/raw/acne_1024/acne0_1024/levle0_190.jpg,data/raw/acne_1024/acne0_1024/levle0_190.jpg,levle0_190.jpg,0,Level 0 (Normal / Clear),0-5 Lesions,140.0,train
data/raw/acne_1024/acne0_1024/levle0_192.jpg,data/raw/acne_1024/acne0_1024/levle0_192.jpg,levle0_192.jpg,0,Level 0 (Normal / Clear),0-5 Lesions,131.3,train
data/raw/acne_1024/acne0_1024/levle0_193.jpg,data/raw/acne_1024/acne0_1024/levle0_193.jpg,levle0_193.jpg,0,Level 0 (Normal / Clear),0-5 Lesions,125.53,train
data/raw/acne_1024/acne0_1024/levle0_194.jpg,data/raw/acne_1024/acne0_1024/levle0_194.jpg,levle0_194.jpg,0,Level 0 (Normal / Clear),0-5 Lesions,127.7,test
data/raw/acne_1024/acne0_1024/levle0_195.jpg,data/raw/acne_1024/acne0_1024/levle0_195.jpg,levle0_195.jpg,0,Level 0 (Normal / Clear),0-5 Lesions,102.94,test
data/raw/acne_1024/acne0_1024/levle0_196.jpg,data/raw/acne_1024/acne0_1024/levle0_196.jpg,levle0_196.jpg,0,Level 0 (Normal / Clear),0-5 Lesions,120.99,val
data/raw/acne_1024/acne0_1024/levle0_197.jpg,data/raw/acne_1024/acne0_1024/levle0_197.jpg,levle0_197.jpg,0,Level 0 (Normal / Clear),0-5 Lesions,126.58,train
data/raw/acne_1024/acne0_1024/levle0_198.jpg,data/raw/acne_1024/acne0_1024/levle0_198.jpg,levle0_198.jpg,0,Level 0 (Normal / Clear),0-5 Lesions,121.24,val
data/raw/acne_1024/acne0_1024/levle0_2.jpg,data/raw/acne_1024/acne0_1024/levle0_2.jpg,levle0_2.jpg,0,Level 0 (Normal / Clear),0-5 Lesions,109.52,train
data/raw/acne_1024/acne0_1024/levle0_202.jpg,data/raw/acne_1024/acne0_1024/levle0_202.jpg,levle0_202.jpg,0,Level 0 (Normal / Clear),0-5 Lesions,117.6,train
data/raw/acne_1024/acne0_1024/levle0_203.jpg,data/raw/acne_1024/acne0_1024/levle0_203.jpg,levle0_203.jpg,0,Level 0 (Normal / Clear),0-5 Lesions,126.76,test
data/raw/acne_1024/acne0_1024/levle0_204.jpg,data/raw/acne_1024/acne0_1024/levle0_204.jpg,levle0_204.jpg,0,Level 0 (Normal / Clear),0-5 Lesions,113.03,val
data/raw/acne_1024/acne0_1024/levle0_205.jpg,data/raw/acne_1024/acne0_1024/levle0_205.jpg,levle0_205.jpg,0,Level 0 (Normal / Clear),0-5 Lesions,113.29,train
data/raw/acne_1024/acne0_1024/levle0_206.jpg,data/raw/acne_1024/acne0_1024/levle0_206.jpg,levle0_206.jpg,0,Level 0 (Normal / Clear),0-5 Lesions,93.67,train
data/raw/acne_1024/acne0_1024/levle0_207.jpg,data/raw/acne_1024/acne0_1024/levle0_207.jpg,levle0_207.jpg,0,Level 0 (Normal / Clear),0-5 Lesions,134.22,train
data/raw/acne_1024/acne0_1024/levle0_209.jpg,data/raw/acne_1024/acne0_1024/levle0_209.jpg,levle0_209.jpg,0,Level 0 (Normal / Clear),0-5 Lesions,144.13,train
data/raw/acne_1024/acne0_1024/levle0_21.jpg,data/raw/acne_1024/acne0_1024/levle0_21.jpg,levle0_21.jpg,0,Level 0 (Normal / Clear),0-5 Lesions,118.32,train
data/raw/acne_1024/acne0_1024/levle0_210.jpg,data/raw/acne_1024/acne0_1024/levle0_210.jpg,levle0_210.jpg,0,Level 0 (Normal / Clear),0-5 Lesions,148.09,train
data/raw/acne_1024/acne0_1024/levle0_211.jpg,data/raw/acne_1024/acne0_1024/levle0_211.jpg,levle0_211.jpg,0,Level 0 (Normal / Clear),0-5 Lesions,145.07,train
data/raw/acne_1024/acne0_1024/levle0_212.jpg,data/raw/acne_1024/acne0_1024/levle0_212.jpg,levle0_212.jpg,0,Level 0 (Normal / Clear),0-5 Lesions,124.87,train
data/raw/acne_1024/acne0_1024/levle0_213.jpg,data/raw/acne_1024/acne0_1024/levle0_213.jpg,levle0_213.jpg,0,Level 0 (Normal / Clear),0-5 Lesions,131.57,train
data/raw/acne_1024/acne0_1024/levle0_214.jpg,data/raw/acne_1024/acne0_1024/levle0_214.jpg,levle0_214.jpg,0,Level 0 (Normal / Clear),0-5 Lesions,108.81,train
data/raw/acne_1024/acne0_1024/levle0_215.jpg,data/raw/acne_1024/acne0_1024/levle0_215.jpg,levle0_215.jpg,0,Level 0 (Normal / Clear),0-5 Lesions,110.37,train
data/raw/acne_1024/acne0_1024/levle0_216.jpg,data/raw/acne_1024/acne0_1024/levle0_216.jpg,levle0_216.jpg,0,Level 0 (Normal / Clear),0-5 Lesions,118.09,train
data/raw/acne_1024/acne0_1024/levle0_217.jpg,data/raw/acne_1024/acne0_1024/levle0_217.jpg,levle0_217.jpg,0,Level 0 (Normal / Clear),0-5 Lesions,130.48,train
data/raw/acne_1024/acne0_1024/levle0_218.jpg,data/raw/acne_1024/acne0_1024/levle0_218.jpg,levle0_218.jpg,0,Level 0 (Normal / Clear),0-5 Lesions,125.74,train
data/raw/acne_1024/acne0_1024/levle0_219.jpg,data/raw/acne_1024/acne0_1024/levle0_219.jpg,levle0_219.jpg,0,Level 0 (Normal / Clear),0-5 Lesions,122.94,val
data/raw/acne_1024/acne0_1024/levle0_22.jpg,data/raw/acne_1024/acne0_1024/levle0_22.jpg,levle0_22.jpg,0,Level 0 (Normal / Clear),0-5 Lesions,117.98,train
data/raw/acne_1024/acne0_1024/levle0_220.jpg,data/raw/acne_1024/acne0_1024/levle0_220.jpg,levle0_220.jpg,0,Level 0 (Normal / Clear),0-5 Lesions,133.45,train
data/raw/acne_1024/acne0_1024/levle0_221.jpg,data/raw/acne_1024/acne0_1024/levle0_221.jpg,levle0_221.jpg,0,Level 0 (Normal / Clear),0-5 Lesions,135.59,train
data/raw/acne_1024/acne0_1024/levle0_222.jpg,data/raw/acne_1024/acne0_1024/levle0_222.jpg,levle0_222.jpg,0,Level 0 (Normal / Clear),0-5 Lesions,136.9,train
data/raw/acne_1024/acne0_1024/levle0_223.jpg,data/raw/acne_1024/acne0_1024/levle0_223.jpg,levle0_223.jpg,0,Level 0 (Normal / Clear),0-5 Lesions,108.46,train
data/raw/acne_1024/acne0_1024/levle0_225.jpg,data/raw/acne_1024/acne0_1024/levle0_225.jpg,levle0_225.jpg,0,Level 0 (Normal / Clear),0-5 Lesions,65.7,train
data/raw/acne_1024/acne0_1024/levle0_226.jpg,data/raw/acne_1024/acne0_1024/levle0_226.jpg,levle0_226.jpg,0,Level 0 (Normal / Clear),0-5 Lesions,85.77,val
data/raw/acne_1024/acne0_1024/levle0_227.jpg,data/raw/acne_1024/acne0_1024/levle0_227.jpg,levle0_227.jpg,0,Level 0 (Normal / Clear),0-5 Lesions,112.3,train
data/raw/acne_1024/acne0_1024/levle0_228.jpg,data/raw/acne_1024/acne0_1024/levle0_228.jpg,levle0_228.jpg,0,Level 0 (Normal / Clear),0-5 Lesions,114.99,val
data/raw/acne_1024/acne0_1024/levle0_229.jpg,data/raw/acne_1024/acne0_1024/levle0_229.jpg,levle0_229.jpg,0,Level 0 (Normal / Clear),0-5 Lesions,138.99,train
data/raw/acne_1024/acne0_1024/levle0_23.jpg,data/raw/acne_1024/acne0_1024/levle0_23.jpg,levle0_23.jpg,0,Level 0 (Normal / Clear),0-5 Lesions,103.88,train
data/raw/acne_1024/acne0_1024/levle0_230.jpg,data/raw/acne_1024/acne0_1024/levle0_230.jpg,levle0_230.jpg,0,Level 0 (Normal / Clear),0-5 Lesions,116.34,train
data/raw/acne_1024/acne0_1024/levle0_231.jpg,data/raw/acne_1024/acne0_1024/levle0_231.jpg,levle0_231.jpg,0,Level 0 (Normal / Clear),0-5 Lesions,141.56,test
data/raw/acne_1024/acne0_1024/levle0_232.jpg,data/raw/acne_1024/acne0_1024/levle0_232.jpg,levle0_232.jpg,0,Level 0 (Normal / Clear),0-5 Lesions,149.19,val
data/raw/acne_1024/acne0_1024/levle0_233.jpg,data/raw/acne_1024/acne0_1024/levle0_233.jpg,levle0_233.jpg,0,Level 0 (Normal / Clear),0-5 Lesions,105.75,train
data/raw/acne_1024/acne0_1024/levle0_234.jpg,data/raw/acne_1024/acne0_1024/levle0_234.jpg,levle0_234.jpg,0,Level 0 (Normal / Clear),0-5 Lesions,107.21,train
data/raw/acne_1024/acne0_1024/levle0_235.jpg,data/raw/acne_1024/acne0_1024/levle0_235.jpg,levle0_235.jpg,0,Level 0 (Normal / Clear),0-5 Lesions,135.6,test
data/raw/acne_1024/acne0_1024/levle0_236.jpg,data/raw/acne_1024/acne0_1024/levle0_236.jpg,levle0_236.jpg,0,Level 0 (Normal / Clear),0-5 Lesions,134.92,train
data/raw/acne_1024/acne0_1024/levle0_238.jpg,data/raw/acne_1024/acne0_1024/levle0_238.jpg,levle0_238.jpg,0,Level 0 (Normal / Clear),0-5 Lesions,151.46,train
data/raw/acne_1024/acne0_1024/levle0_239.jpg,data/raw/acne_1024/acne0_1024/levle0_239.jpg,levle0_239.jpg,0,Level 0 (Normal / Clear),0-5 Lesions,114.46,train
data/raw/acne_1024/acne0_1024/levle0_24.jpg,data/raw/acne_1024/acne0_1024/levle0_24.jpg,levle0_24.jpg,0,Level 0 (Normal / Clear),0-5 Lesions,121.46,train
data/raw/acne_1024/acne0_1024/levle0_240.jpg,data/raw/acne_1024/acne0_1024/levle0_240.jpg,levle0_240.jpg,0,Level 0 (Normal / Clear),0-5 Lesions,143.33,train
data/raw/acne_1024/acne0_1024/levle0_241.jpg,data/raw/acne_1024/acne0_1024/levle0_241.jpg,levle0_241.jpg,0,Level 0 (Normal / Clear),0-5 Lesions,145.59,train
data/raw/acne_1024/acne0_1024/levle0_242.jpg,data/raw/acne_1024/acne0_1024/levle0_242.jpg,levle0_242.jpg,0,Level 0 (Normal / Clear),0-5 Lesions,111.39,train
data/raw/acne_1024/acne0_1024/levle0_243.jpg,data/raw/acne_1024/acne0_1024/levle0_243.jpg,levle0_243.jpg,0,Level 0 (Normal / Clear),0-5 Lesions,143.3,train
data/raw/acne_1024/acne0_1024/levle0_244.jpg,data/raw/acne_1024/acne0_1024/levle0_244.jpg,levle0_244.jpg,0,Level 0 (Normal / Clear),0-5 Lesions,132.22,train
data/raw/acne_1024/acne0_1024/levle0_245.jpg,data/raw/acne_1024/acne0_1024/levle0_245.jpg,levle0_245.jpg,0,Level 0 (Normal / Clear),0-5 Lesions,111.66,train
data/raw/acne_1024/acne0_1024/levle0_246.jpg,data/raw/acne_1024/acne0_1024/levle0_246.jpg,levle0_246.jpg,0,Level 0 (Normal / Clear),0-5 Lesions,89.24,val
data/raw/acne_1024/acne0_1024/levle0_247.jpg,data/raw/acne_1024/acne0_1024/levle0_247.jpg,levle0_247.jpg,0,Level 0 (Normal / Clear),0-5 Lesions,87.51,train
data/raw/acne_1024/acne0_1024/levle0_248.jpg,data/raw/acne_1024/acne0_1024/levle0_248.jpg,levle0_248.jpg,0,Level 0 (Normal / Clear),0-5 Lesions,118.3,val
data/raw/acne_1024/acne0_1024/levle0_249.jpg,data/raw/acne_1024/acne0_1024/levle0_249.jpg,levle0_249.jpg,0,Level 0 (Normal / Clear),0-5 Lesions,110.77,train
data/raw/acne_1024/acne0_1024/levle0_25.jpg,data/raw/acne_1024/acne0_1024/levle0_25.jpg,levle0_25.jpg,0,Level 0 (Normal / Clear),0-5 Lesions,122.62,train
data/raw/acne_1024/acne0_1024/levle0_250.jpg,data/raw/acne_1024/acne0_1024/levle0_250.jpg,levle0_250.jpg,0,Level 0 (Normal / Clear),0-5 Lesions,116.0,train
data/raw/acne_1024/acne0_1024/levle0_251.jpg,data/raw/acne_1024/acne0_1024/levle0_251.jpg,levle0_251.jpg,0,Level 0 (Normal / Clear),0-5 Lesions,107.3,train
data/raw/acne_1024/acne0_1024/levle0_252.jpg,data/raw/acne_1024/acne0_1024/levle0_252.jpg,levle0_252.jpg,0,Level 0 (Normal / Clear),0-5 Lesions,86.03,test
data/raw/acne_1024/acne0_1024/levle0_253.jpg,data/raw/acne_1024/acne0_1024/levle0_253.jpg,levle0_253.jpg,0,Level 0 (Normal / Clear),0-5 Lesions,95.86,train
data/raw/acne_1024/acne0_1024/levle0_255.jpg,data/raw/acne_1024/acne0_1024/levle0_255.jpg,levle0_255.jpg,0,Level 0 (Normal / Clear),0-5 Lesions,111.31,train
data/raw/acne_1024/acne0_1024/levle0_256.jpg,data/raw/acne_1024/acne0_1024/levle0_256.jpg,levle0_256.jpg,0,Level 0 (Normal / Clear),0-5 Lesions,129.89,train
data/raw/acne_1024/acne0_1024/levle0_257.jpg,data/raw/acne_1024/acne0_1024/levle0_257.jpg,levle0_257.jpg,0,Level 0 (Normal / Clear),0-5 Lesions,125.46,val
data/raw/acne_1024/acne0_1024/levle0_258.jpg,data/raw/acne_1024/acne0_1024/levle0_258.jpg,levle0_258.jpg,0,Level 0 (Normal / Clear),0-5 Lesions,108.17,val
data/raw/acne_1024/acne0_1024/levle0_259.jpg,data/raw/acne_1024/acne0_1024/levle0_259.jpg,levle0_259.jpg,0,Level 0 (Normal / Clear),0-5 Lesions,108.97,test
data/raw/acne_1024/acne0_1024/levle0_26.jpg,data/raw/acne_1024/acne0_1024/levle0_26.jpg,levle0_26.jpg,0,Level 0 (Normal / Clear),0-5 Lesions,117.42,train
data/raw/acne_1024/acne0_1024/levle0_260.jpg,data/raw/acne_1024/acne0_1024/levle0_260.jpg,levle0_260.jpg,0,Level 0 (Normal / Clear),0-5 Lesions,136.05,train
data/raw/acne_1024/acne0_1024/levle0_261.jpg,data/raw/acne_1024/acne0_1024/levle0_261.jpg,levle0_261.jpg,0,Level 0 (Normal / Clear),0-5 Lesions,113.24,train
data/raw/acne_1024/acne0_1024/levle0_263.jpg,data/raw/acne_1024/acne0_1024/levle0_263.jpg,levle0_263.jpg,0,Level 0 (Normal / Clear),0-5 Lesions,104.47,val
data/raw/acne_1024/acne0_1024/levle0_264.jpg,data/raw/acne_1024/acne0_1024/levle0_264.jpg,levle0_264.jpg,0,Level 0 (Normal / Clear),0-5 Lesions,94.18,train
data/raw/acne_1024/acne0_1024/levle0_265.jpg,data/raw/acne_1024/acne0_1024/levle0_265.jpg,levle0_265.jpg,0,Level 0 (Normal / Clear),0-5 Lesions,102.53,train
data/raw/acne_1024/acne0_1024/levle0_266.jpg,data/raw/acne_1024/acne0_1024/levle0_266.jpg,levle0_266.jpg,0,Level 0 (Normal / Clear),0-5 Lesions,96.99,val
data/raw/acne_1024/acne0_1024/levle0_267.jpg,data/raw/acne_1024/acne0_1024/levle0_267.jpg,levle0_267.jpg,0,Level 0 (Normal / Clear),0-5 Lesions,132.06,train
data/raw/acne_1024/acne0_1024/levle0_268.jpg,data/raw/acne_1024/acne0_1024/levle0_268.jpg,levle0_268.jpg,0,Level 0 (Normal / Clear),0-5 Lesions,136.32,val
data/raw/acne_1024/acne0_1024/levle0_269.jpg,data/raw/acne_1024/acne0_1024/levle0_269.jpg,levle0_269.jpg,0,Level 0 (Normal / Clear),0-5 Lesions,136.35,train
data/raw/acne_1024/acne0_1024/levle0_27.jpg,data/raw/acne_1024/acne0_1024/levle0_27.jpg,levle0_27.jpg,0,Level 0 (Normal / Clear),0-5 Lesions,107.05,train
data/raw/acne_1024/acne0_1024/levle0_270.jpg,data/raw/acne_1024/acne0_1024/levle0_270.jpg,levle0_270.jpg,0,Level 0 (Normal / Clear),0-5 Lesions,113.18,val
data/raw/acne_1024/acne0_1024/levle0_271.jpg,data/raw/acne_1024/acne0_1024/levle0_271.jpg,levle0_271.jpg,0,Level 0 (Normal / Clear),0-5 Lesions,73.71,train
data/raw/acne_1024/acne0_1024/levle0_272.jpg,data/raw/acne_1024/acne0_1024/levle0_272.jpg,levle0_272.jpg,0,Level 0 (Normal / Clear),0-5 Lesions,100.16,train
data/raw/acne_1024/acne0_1024/levle0_273.jpg,data/raw/acne_1024/acne0_1024/levle0_273.jpg,levle0_273.jpg,0,Level 0 (Normal / Clear),0-5 Lesions,126.67,train
data/raw/acne_1024/acne0_1024/levle0_274.jpg,data/raw/acne_1024/acne0_1024/levle0_274.jpg,levle0_274.jpg,0,Level 0 (Normal / Clear),0-5 Lesions,128.37,train
data/raw/acne_1024/acne0_1024/levle0_275.jpg,data/raw/acne_1024/acne0_1024/levle0_275.jpg,levle0_275.jpg,0,Level 0 (Normal / Clear),0-5 Lesions,106.18,train
data/raw/acne_1024/acne0_1024/levle0_276.jpg,data/raw/acne_1024/acne0_1024/levle0_276.jpg,levle0_276.jpg,0,Level 0 (Normal / Clear),0-5 Lesions,92.96,train
data/raw/acne_1024/acne0_1024/levle0_277.jpg,data/raw/acne_1024/acne0_1024/levle0_277.jpg,levle0_277.jpg,0,Level 0 (Normal / Clear),0-5 Lesions,117.76,train
data/raw/acne_1024/acne0_1024/levle0_278.jpg,data/raw/acne_1024/acne0_1024/levle0_278.jpg,levle0_278.jpg,0,Level 0 (Normal / Clear),0-5 Lesions,125.45,train
data/raw/acne_1024/acne0_1024/levle0_279.jpg,data/raw/acne_1024/acne0_1024/levle0_279.jpg,levle0_279.jpg,0,Level 0 (Normal / Clear),0-5 Lesions,133.16,train
data/raw/acne_1024/acne0_1024/levle0_28.jpg,data/raw/acne_1024/acne0_1024/levle0_28.jpg,levle0_28.jpg,0,Level 0 (Normal / Clear),0-5 Lesions,148.67,train
data/raw/acne_1024/acne0_1024/levle0_280.jpg,data/raw/acne_1024/acne0_1024/levle0_280.jpg,levle0_280.jpg,0,Level 0 (Normal / Clear),0-5 Lesions,162.18,train
data/raw/acne_1024/acne0_1024/levle0_281.jpg,data/raw/acne_1024/acne0_1024/levle0_281.jpg,levle0_281.jpg,0,Level 0 (Normal / Clear),0-5 Lesions,143.67,train
data/raw/acne_1024/acne0_1024/levle0_282.jpg,data/raw/acne_1024/acne0_1024/levle0_282.jpg,levle0_282.jpg,0,Level 0 (Normal / Clear),0-5 Lesions,164.28,test
data/raw/acne_1024/acne0_1024/levle0_283.jpg,data/raw/acne_1024/acne0_1024/levle0_283.jpg,levle0_283.jpg,0,Level 0 (Normal / Clear),0-5 Lesions,130.31,test
data/raw/acne_1024/acne0_1024/levle0_284.jpg,data/raw/acne_1024/acne0_1024/levle0_284.jpg,levle0_284.jpg,0,Level 0 (Normal / Clear),0-5 Lesions,95.47,val
data/raw/acne_1024/acne0_1024/levle0_285.jpg,data/raw/acne_1024/acne0_1024/levle0_285.jpg,levle0_285.jpg,0,Level 0 (Normal / Clear),0-5 Lesions,109.92,test
data/raw/acne_1024/acne0_1024/levle0_286.jpg,data/raw/acne_1024/acne0_1024/levle0_286.jpg,levle0_286.jpg,0,Level 0 (Normal / Clear),0-5 Lesions,94.62,test
data/raw/acne_1024/acne0_1024/levle0_287.jpg,data/raw/acne_1024/acne0_1024/levle0_287.jpg,levle0_287.jpg,0,Level 0 (Normal / Clear),0-5 Lesions,124.72,train
data/raw/acne_1024/acne0_1024/levle0_288.jpg,data/raw/acne_1024/acne0_1024/levle0_288.jpg,levle0_288.jpg,0,Level 0 (Normal / Clear),0-5 Lesions,99.1,train
data/raw/acne_1024/acne0_1024/levle0_289.jpg,data/raw/acne_1024/acne0_1024/levle0_289.jpg,levle0_289.jpg,0,Level 0 (Normal / Clear),0-5 Lesions,120.69,train
data/raw/acne_1024/acne0_1024/levle0_290.jpg,data/raw/acne_1024/acne0_1024/levle0_290.jpg,levle0_290.jpg,0,Level 0 (Normal / Clear),0-5 Lesions,114.83,train
data/raw/acne_1024/acne0_1024/levle0_291.jpg,data/raw/acne_1024/acne0_1024/levle0_291.jpg,levle0_291.jpg,0,Level 0 (Normal / Clear),0-5 Lesions,131.26,train
data/raw/acne_1024/acne0_1024/levle0_292.jpg,data/raw/acne_1024/acne0_1024/levle0_292.jpg,levle0_292.jpg,0,Level 0 (Normal / Clear),0-5 Lesions,126.21,train
data/raw/acne_1024/acne0_1024/levle0_293.jpg,data/raw/acne_1024/acne0_1024/levle0_293.jpg,levle0_293.jpg,0,Level 0 (Normal / Clear),0-5 Lesions,107.45,train
data/raw/acne_1024/acne0_1024/levle0_294.jpg,data/raw/acne_1024/acne0_1024/levle0_294.jpg,levle0_294.jpg,0,Level 0 (Normal / Clear),0-5 Lesions,104.94,train
data/raw/acne_1024/acne0_1024/levle0_295.jpg,data/raw/acne_1024/acne0_1024/levle0_295.jpg,levle0_295.jpg,0,Level 0 (Normal / Clear),0-5 Lesions,132.88,val
data/raw/acne_1024/acne0_1024/levle0_296.jpg,data/raw/acne_1024/acne0_1024/levle0_296.jpg,levle0_296.jpg,0,Level 0 (Normal / Clear),0-5 Lesions,98.83,test
data/raw/acne_1024/acne0_1024/levle0_297.jpg,data/raw/acne_1024/acne0_1024/levle0_297.jpg,levle0_297.jpg,0,Level 0 (Normal / Clear),0-5 Lesions,118.31,train
data/raw/acne_1024/acne0_1024/levle0_298.jpg,data/raw/acne_1024/acne0_1024/levle0_298.jpg,levle0_298.jpg,0,Level 0 (Normal / Clear),0-5 Lesions,121.8,train
data/raw/acne_1024/acne0_1024/levle0_299.jpg,data/raw/acne_1024/acne0_1024/levle0_299.jpg,levle0_299.jpg,0,Level 0 (Normal / Clear),0-5 Lesions,108.77,train
data/raw/acne_1024/acne0_1024/levle0_3.jpg,data/raw/acne_1024/acne0_1024/levle0_3.jpg,levle0_3.jpg,0,Level 0 (Normal / Clear),0-5 Lesions,62.73,val
data/raw/acne_1024/acne0_1024/levle0_300.jpg,data/raw/acne_1024/acne0_1024/levle0_300.jpg,levle0_300.jpg,0,Level 0 (Normal / Clear),0-5 Lesions,123.01,train
data/raw/acne_1024/acne0_1024/levle0_301.jpg,data/raw/acne_1024/acne0_1024/levle0_301.jpg,levle0_301.jpg,0,Level 0 (Normal / Clear),0-5 Lesions,128.31,val
data/raw/acne_1024/acne0_1024/levle0_302.jpg,data/raw/acne_1024/acne0_1024/levle0_302.jpg,levle0_302.jpg,0,Level 0 (Normal / Clear),0-5 Lesions,110.49,train
data/raw/acne_1024/acne0_1024/levle0_303.jpg,data/raw/acne_1024/acne0_1024/levle0_303.jpg,levle0_303.jpg,0,Level 0 (Normal / Clear),0-5 Lesions,120.17,train
data/raw/acne_1024/acne0_1024/levle0_304.jpg,data/raw/acne_1024/acne0_1024/levle0_304.jpg,levle0_304.jpg,0,Level 0 (Normal / Clear),0-5 Lesions,128.2,train
data/raw/acne_1024/acne0_1024/levle0_305.jpg,data/raw/acne_1024/acne0_1024/levle0_305.jpg,levle0_305.jpg,0,Level 0 (Normal / Clear),0-5 Lesions,122.33,train
data/raw/acne_1024/acne0_1024/levle0_306.jpg,data/raw/acne_1024/acne0_1024/levle0_306.jpg,levle0_306.jpg,0,Level 0 (Normal / Clear),0-5 Lesions,123.7,val
data/raw/acne_1024/acne0_1024/levle0_307.jpg,data/raw/acne_1024/acne0_1024/levle0_307.jpg,levle0_307.jpg,0,Level 0 (Normal / Clear),0-5 Lesions,130.06,val
data/raw/acne_1024/acne0_1024/levle0_308.jpg,data/raw/acne_1024/acne0_1024/levle0_308.jpg,levle0_308.jpg,0,Level 0 (Normal / Clear),0-5 Lesions,97.22,val
data/raw/acne_1024/acne0_1024/levle0_309.jpg,data/raw/acne_1024/acne0_1024/levle0_309.jpg,levle0_309.jpg,0,Level 0 (Normal / Clear),0-5 Lesions,109.56,test
data/raw/acne_1024/acne0_1024/levle0_31.jpg,data/raw/acne_1024/acne0_1024/levle0_31.jpg,levle0_31.jpg,0,Level 0 (Normal / Clear),0-5 Lesions,130.7,test
data/raw/acne_1024/acne0_1024/levle0_310.jpg,data/raw/acne_1024/acne0_1024/levle0_310.jpg,levle0_310.jpg,0,Level 0 (Normal / Clear),0-5 Lesions,96.69,test
data/raw/acne_1024/acne0_1024/levle0_311.jpg,data/raw/acne_1024/acne0_1024/levle0_311.jpg,levle0_311.jpg,0,Level 0 (Normal / Clear),0-5 Lesions,101.68,train
data/raw/acne_1024/acne0_1024/levle0_312.jpg,data/raw/acne_1024/acne0_1024/levle0_312.jpg,levle0_312.jpg,0,Level 0 (Normal / Clear),0-5 Lesions,105.71,train
data/raw/acne_1024/acne0_1024/levle0_313.jpg,data/raw/acne_1024/acne0_1024/levle0_313.jpg,levle0_313.jpg,0,Level 0 (Normal / Clear),0-5 Lesions,98.92,train
data/raw/acne_1024/acne0_1024/levle0_314.jpg,data/raw/acne_1024/acne0_1024/levle0_314.jpg,levle0_314.jpg,0,Level 0 (Normal / Clear),0-5 Lesions,93.12,train
data/raw/acne_1024/acne0_1024/levle0_315.jpg,data/raw/acne_1024/acne0_1024/levle0_315.jpg,levle0_315.jpg,0,Level 0 (Normal / Clear),0-5 Lesions,96.22,train
data/raw/acne_1024/acne0_1024/levle0_316.jpg,data/raw/acne_1024/acne0_1024/levle0_316.jpg,levle0_316.jpg,0,Level 0 (Normal / Clear),0-5 Lesions,101.92,train
data/raw/acne_1024/acne0_1024/levle0_317.jpg,data/raw/acne_1024/acne0_1024/levle0_317.jpg,levle0_317.jpg,0,Level 0 (Normal / Clear),0-5 Lesions,113.74,train
data/raw/acne_1024/acne0_1024/levle0_318.jpg,data/raw/acne_1024/acne0_1024/levle0_318.jpg,levle0_318.jpg,0,Level 0 (Normal / Clear),0-5 Lesions,116.05,train
data/raw/acne_1024/acne0_1024/levle0_319.jpg,data/raw/acne_1024/acne0_1024/levle0_319.jpg,levle0_319.jpg,0,Level 0 (Normal / Clear),0-5 Lesions,131.92,val
data/raw/acne_1024/acne0_1024/levle0_32.jpg,data/raw/acne_1024/acne0_1024/levle0_32.jpg,levle0_32.jpg,0,Level 0 (Normal / Clear),0-5 Lesions,105.36,train
data/raw/acne_1024/acne0_1024/levle0_320.jpg,data/raw/acne_1024/acne0_1024/levle0_320.jpg,levle0_320.jpg,0,Level 0 (Normal / Clear),0-5 Lesions,153.78,train
data/raw/acne_1024/acne0_1024/levle0_321.jpg,data/raw/acne_1024/acne0_1024/levle0_321.jpg,levle0_321.jpg,0,Level 0 (Normal / Clear),0-5 Lesions,133.22,train
data/raw/acne_1024/acne0_1024/levle0_322.jpg,data/raw/acne_1024/acne0_1024/levle0_322.jpg,levle0_322.jpg,0,Level 0 (Normal / Clear),0-5 Lesions,129.26,val
data/raw/acne_1024/acne0_1024/levle0_323.jpg,data/raw/acne_1024/acne0_1024/levle0_323.jpg,levle0_323.jpg,0,Level 0 (Normal / Clear),0-5 Lesions,130.62,train
data/raw/acne_1024/acne0_1024/levle0_324.jpg,data/raw/acne_1024/acne0_1024/levle0_324.jpg,levle0_324.jpg,0,Level 0 (Normal / Clear),0-5 Lesions,120.02,train
data/raw/acne_1024/acne0_1024/levle0_325.jpg,data/raw/acne_1024/acne0_1024/levle0_325.jpg,levle0_325.jpg,0,Level 0 (Normal / Clear),0-5 Lesions,132.67,train
data/raw/acne_1024/acne0_1024/levle0_326.jpg,data/raw/acne_1024/acne0_1024/levle0_326.jpg,levle0_326.jpg,0,Level 0 (Normal / Clear),0-5 Lesions,91.02,train
data/raw/acne_1024/acne0_1024/levle0_327.jpg,data/raw/acne_1024/acne0_1024/levle0_327.jpg,levle0_327.jpg,0,Level 0 (Normal / Clear),0-5 Lesions,122.69,test
data/raw/acne_1024/acne0_1024/levle0_328.jpg,data/raw/acne_1024/acne0_1024/levle0_328.jpg,levle0_328.jpg,0,Level 0 (Normal / Clear),0-5 Lesions,86.58,test
data/raw/acne_1024/acne0_1024/levle0_329.jpg,data/raw/acne_1024/acne0_1024/levle0_329.jpg,levle0_329.jpg,0,Level 0 (Normal / Clear),0-5 Lesions,95.07,train
data/raw/acne_1024/acne0_1024/levle0_33.jpg,data/raw/acne_1024/acne0_1024/levle0_33.jpg,levle0_33.jpg,0,Level 0 (Normal / Clear),0-5 Lesions,122.24,train
data/raw/acne_1024/acne0_1024/levle0_330.jpg,data/raw/acne_1024/acne0_1024/levle0_330.jpg,levle0_330.jpg,0,Level 0 (Normal / Clear),0-5 Lesions,123.01,train
data/raw/acne_1024/acne0_1024/levle0_331.jpg,data/raw/acne_1024/acne0_1024/levle0_331.jpg,levle0_331.jpg,0,Level 0 (Normal / Clear),0-5 Lesions,136.42,train
data/raw/acne_1024/acne0_1024/levle0_332.jpg,data/raw/acne_1024/acne0_1024/levle0_332.jpg,levle0_332.jpg,0,Level 0 (Normal / Clear),0-5 Lesions,114.53,test
data/raw/acne_1024/acne0_1024/levle0_334.jpg,data/raw/acne_1024/acne0_1024/levle0_334.jpg,levle0_334.jpg,0,Level 0 (Normal / Clear),0-5 Lesions,106.96,train
data/raw/acne_1024/acne0_1024/levle0_335.jpg,data/raw/acne_1024/acne0_1024/levle0_335.jpg,levle0_335.jpg,0,Level 0 (Normal / Clear),0-5 Lesions,130.65,val
data/raw/acne_1024/acne0_1024/levle0_336.jpg,data/raw/acne_1024/acne0_1024/levle0_336.jpg,levle0_336.jpg,0,Level 0 (Normal / Clear),0-5 Lesions,120.62,train
data/raw/acne_1024/acne0_1024/levle0_337.jpg,data/raw/acne_1024/acne0_1024/levle0_337.jpg,levle0_337.jpg,0,Level 0 (Normal / Clear),0-5 Lesions,119.37,train
data/raw/acne_1024/acne0_1024/levle0_338.jpg,data/raw/acne_1024/acne0_1024/levle0_338.jpg,levle0_338.jpg,0,Level 0 (Normal / Clear),0-5 Lesions,117.36,train
data/raw/acne_1024/acne0_1024/levle0_339.jpg,data/raw/acne_1024/acne0_1024/levle0_339.jpg,levle0_339.jpg,0,Level 0 (Normal / Clear),0-5 Lesions,113.1,train
data/raw/acne_1024/acne0_1024/levle0_34.jpg,data/raw/acne_1024/acne0_1024/levle0_34.jpg,levle0_34.jpg,0,Level 0 (Normal / Clear),0-5 Lesions,138.69,train
data/raw/acne_1024/acne0_1024/levle0_340.jpg,data/raw/acne_1024/acne0_1024/levle0_340.jpg,levle0_340.jpg,0,Level 0 (Normal / Clear),0-5 Lesions,93.83,train
data/raw/acne_1024/acne0_1024/levle0_341.jpg,data/raw/acne_1024/acne0_1024/levle0_341.jpg,levle0_341.jpg,0,Level 0 (Normal / Clear),0-5 Lesions,143.55,train
data/raw/acne_1024/acne0_1024/levle0_342.jpg,data/raw/acne_1024/acne0_1024/levle0_342.jpg,levle0_342.jpg,0,Level 0 (Normal / Clear),0-5 Lesions,123.17,val
data/raw/acne_1024/acne0_1024/levle0_343.jpg,data/raw/acne_1024/acne0_1024/levle0_343.jpg,levle0_343.jpg,0,Level 0 (Normal / Clear),0-5 Lesions,151.74,val
data/raw/acne_1024/acne0_1024/levle0_345.jpg,data/raw/acne_1024/acne0_1024/levle0_345.jpg,levle0_345.jpg,0,Level 0 (Normal / Clear),0-5 Lesions,154.0,train
data/raw/acne_1024/acne0_1024/levle0_346.jpg,data/raw/acne_1024/acne0_1024/levle0_346.jpg,levle0_346.jpg,0,Level 0 (Normal / Clear),0-5 Lesions,134.7,test
data/raw/acne_1024/acne0_1024/levle0_347.jpg,data/raw/acne_1024/acne0_1024/levle0_347.jpg,levle0_347.jpg,0,Level 0 (Normal / Clear),0-5 Lesions,145.72,train
data/raw/acne_1024/acne0_1024/levle0_349.jpg,data/raw/acne_1024/acne0_1024/levle0_349.jpg,levle0_349.jpg,0,Level 0 (Normal / Clear),0-5 Lesions,156.34,val
data/raw/acne_1024/acne0_1024/levle0_35.jpg,data/raw/acne_1024/acne0_1024/levle0_35.jpg,levle0_35.jpg,0,Level 0 (Normal / Clear),0-5 Lesions,109.17,val
data/raw/acne_1024/acne0_1024/levle0_350.jpg,data/raw/acne_1024/acne0_1024/levle0_350.jpg,levle0_350.jpg,0,Level 0 (Normal / Clear),0-5 Lesions,141.17,train
data/raw/acne_1024/acne0_1024/levle0_351.jpg,data/raw/acne_1024/acne0_1024/levle0_351.jpg,levle0_351.jpg,0,Level 0 (Normal / Clear),0-5 Lesions,156.01,val
data/raw/acne_1024/acne0_1024/levle0_353.jpg,data/raw/acne_1024/acne0_1024/levle0_353.jpg,levle0_353.jpg,0,Level 0 (Normal / Clear),0-5 Lesions,114.5,val
data/raw/acne_1024/acne0_1024/levle0_354.jpg,data/raw/acne_1024/acne0_1024/levle0_354.jpg,levle0_354.jpg,0,Level 0 (Normal / Clear),0-5 Lesions,127.21,train
data/raw/acne_1024/acne0_1024/levle0_355.jpg,data/raw/acne_1024/acne0_1024/levle0_355.jpg,levle0_355.jpg,0,Level 0 (Normal / Clear),0-5 Lesions,123.79,train
data/raw/acne_1024/acne0_1024/levle0_356.jpg,data/raw/acne_1024/acne0_1024/levle0_356.jpg,levle0_356.jpg,0,Level 0 (Normal / Clear),0-5 Lesions,123.03,val
data/raw/acne_1024/acne0_1024/levle0_357.jpg,data/raw/acne_1024/acne0_1024/levle0_357.jpg,levle0_357.jpg,0,Level 0 (Normal / Clear),0-5 Lesions,83.81,val
data/raw/acne_1024/acne0_1024/levle0_358.jpg,data/raw/acne_1024/acne0_1024/levle0_358.jpg,levle0_358.jpg,0,Level 0 (Normal / Clear),0-5 Lesions,117.07,train
data/raw/acne_1024/acne0_1024/levle0_359.jpg,data/raw/acne_1024/acne0_1024/levle0_359.jpg,levle0_359.jpg,0,Level 0 (Normal / Clear),0-5 Lesions,104.38,train
data/raw/acne_1024/acne0_1024/levle0_36.jpg,data/raw/acne_1024/acne0_1024/levle0_36.jpg,levle0_36.jpg,0,Level 0 (Normal / Clear),0-5 Lesions,126.84,test
data/raw/acne_1024/acne0_1024/levle0_360.jpg,data/raw/acne_1024/acne0_1024/levle0_360.jpg,levle0_360.jpg,0,Level 0 (Normal / Clear),0-5 Lesions,112.14,train
data/raw/acne_1024/acne0_1024/levle0_361.jpg,data/raw/acne_1024/acne0_1024/levle0_361.jpg,levle0_361.jpg,0,Level 0 (Normal / Clear),0-5 Lesions,103.91,test
data/raw/acne_1024/acne0_1024/levle0_362.jpg,data/raw/acne_1024/acne0_1024/levle0_362.jpg,levle0_362.jpg,0,Level 0 (Normal / Clear),0-5 Lesions,150.86,test
data/raw/acne_1024/acne0_1024/levle0_363.jpg,data/raw/acne_1024/acne0_1024/levle0_363.jpg,levle0_363.jpg,0,Level 0 (Normal / Clear),0-5 Lesions,151.76,train
data/raw/acne_1024/acne0_1024/levle0_364.jpg,data/raw/acne_1024/acne0_1024/levle0_364.jpg,levle0_364.jpg,0,Level 0 (Normal / Clear),0-5 Lesions,143.09,train
data/raw/acne_1024/acne0_1024/levle0_365.jpg,data/raw/acne_1024/acne0_1024/levle0_365.jpg,levle0_365.jpg,0,Level 0 (Normal / Clear),0-5 Lesions,55.87,val
data/raw/acne_1024/acne0_1024/levle0_366.jpg,data/raw/acne_1024/acne0_1024/levle0_366.jpg,levle0_366.jpg,0,Level 0 (Normal / Clear),0-5 Lesions,91.1,train
data/raw/acne_1024/acne0_1024/levle0_367.jpg,data/raw/acne_1024/acne0_1024/levle0_367.jpg,levle0_367.jpg,0,Level 0 (Normal / Clear),0-5 Lesions,98.47,train
data/raw/acne_1024/acne0_1024/levle0_368.jpg,data/raw/acne_1024/acne0_1024/levle0_368.jpg,levle0_368.jpg,0,Level 0 (Normal / Clear),0-5 Lesions,81.82,test
data/raw/acne_1024/acne0_1024/levle0_37.jpg,data/raw/acne_1024/acne0_1024/levle0_37.jpg,levle0_37.jpg,0,Level 0 (Normal / Clear),0-5 Lesions,133.32,train
data/raw/acne_1024/acne0_1024/levle0_371.jpg,data/raw/acne_1024/acne0_1024/levle0_371.jpg,levle0_371.jpg,0,Level 0 (Normal / Clear),0-5 Lesions,100.56,train
data/raw/acne_1024/acne0_1024/levle0_372.jpg,data/raw/acne_1024/acne0_1024/levle0_372.jpg,levle0_372.jpg,0,Level 0 (Normal / Clear),0-5 Lesions,144.81,test
data/raw/acne_1024/acne0_1024/levle0_373.jpg,data/raw/acne_1024/acne0_1024/levle0_373.jpg,levle0_373.jpg,0,Level 0 (Normal / Clear),0-5 Lesions,141.73,train
data/raw/acne_1024/acne0_1024/levle0_374.jpg,data/raw/acne_1024/acne0_1024/levle0_374.jpg,levle0_374.jpg,0,Level 0 (Normal / Clear),0-5 Lesions,132.53,train
data/raw/acne_1024/acne0_1024/levle0_375.jpg,data/raw/acne_1024/acne0_1024/levle0_375.jpg,levle0_375.jpg,0,Level 0 (Normal / Clear),0-5 Lesions,111.22,val
data/raw/acne_1024/acne0_1024/levle0_376.jpg,data/raw/acne_1024/acne0_1024/levle0_376.jpg,levle0_376.jpg,0,Level 0 (Normal / Clear),0-5 Lesions,113.52,train
data/raw/acne_1024/acne0_1024/levle0_377.jpg,data/raw/acne_1024/acne0_1024/levle0_377.jpg,levle0_377.jpg,0,Level 0 (Normal / Clear),0-5 Lesions,104.02,train
data/raw/acne_1024/acne0_1024/levle0_378.jpg,data/raw/acne_1024/acne0_1024/levle0_378.jpg,levle0_378.jpg,0,Level 0 (Normal / Clear),0-5 Lesions,122.93,train
data/raw/acne_1024/acne0_1024/levle0_379.jpg,data/raw/acne_1024/acne0_1024/levle0_379.jpg,levle0_379.jpg,0,Level 0 (Normal / Clear),0-5 Lesions,119.77,train
data/raw/acne_1024/acne0_1024/levle0_38.jpg,data/raw/acne_1024/acne0_1024/levle0_38.jpg,levle0_38.jpg,0,Level 0 (Normal / Clear),0-5 Lesions,100.2,train
data/raw/acne_1024/acne0_1024/levle0_380.jpg,data/raw/acne_1024/acne0_1024/levle0_380.jpg,levle0_380.jpg,0,Level 0 (Normal / Clear),0-5 Lesions,107.27,test
data/raw/acne_1024/acne0_1024/levle0_381.jpg,data/raw/acne_1024/acne0_1024/levle0_381.jpg,levle0_381.jpg,0,Level 0 (Normal / Clear),0-5 Lesions,137.81,train
data/raw/acne_1024/acne0_1024/levle0_382.jpg,data/raw/acne_1024/acne0_1024/levle0_382.jpg,levle0_382.jpg,0,Level 0 (Normal / Clear),0-5 Lesions,129.21,train
data/raw/acne_1024/acne0_1024/levle0_383.jpg,data/raw/acne_1024/acne0_1024/levle0_383.jpg,levle0_383.jpg,0,Level 0 (Normal / Clear),0-5 Lesions,135.19,train
data/raw/acne_1024/acne0_1024/levle0_384.jpg,data/raw/acne_1024/acne0_1024/levle0_384.jpg,levle0_384.jpg,0,Level 0 (Normal / Clear),0-5 Lesions,114.42,val
data/raw/acne_1024/acne0_1024/levle0_385.jpg,data/raw/acne_1024/acne0_1024/levle0_385.jpg,levle0_385.jpg,0,Level 0 (Normal / Clear),0-5 Lesions,135.35,test
data/raw/acne_1024/acne0_1024/levle0_386.jpg,data/raw/acne_1024/acne0_1024/levle0_386.jpg,levle0_386.jpg,0,Level 0 (Normal / Clear),0-5 Lesions,116.77,train
data/raw/acne_1024/acne0_1024/levle0_387.jpg,data/raw/acne_1024/acne0_1024/levle0_387.jpg,levle0_387.jpg,0,Level 0 (Normal / Clear),0-5 Lesions,122.39,val
data/raw/acne_1024/acne0_1024/levle0_388.jpg,data/raw/acne_1024/acne0_1024/levle0_388.jpg,levle0_388.jpg,0,Level 0 (Normal / Clear),0-5 Lesions,132.92,train
data/raw/acne_1024/acne0_1024/levle0_389.jpg,data/raw/acne_1024/acne0_1024/levle0_389.jpg,levle0_389.jpg,0,Level 0 (Normal / Clear),0-5 Lesions,126.41,train
data/raw/acne_1024/acne0_1024/levle0_39.jpg,data/raw/acne_1024/acne0_1024/levle0_39.jpg,levle0_39.jpg,0,Level 0 (Normal / Clear),0-5 Lesions,131.33,train
data/raw/acne_1024/acne0_1024/levle0_390.jpg,data/raw/acne_1024/acne0_1024/levle0_390.jpg,levle0_390.jpg,0,Level 0 (Normal / Clear),0-5 Lesions,121.11,train
data/raw/acne_1024/acne0_1024/levle0_391.jpg,data/raw/acne_1024/acne0_1024/levle0_391.jpg,levle0_391.jpg,0,Level 0 (Normal / Clear),0-5 Lesions,114.9,test
data/raw/acne_1024/acne0_1024/levle0_392.jpg,data/raw/acne_1024/acne0_1024/levle0_392.jpg,levle0_392.jpg,0,Level 0 (Normal / Clear),0-5 Lesions,114.31,train
data/raw/acne_1024/acne0_1024/levle0_393.jpg,data/raw/acne_1024/acne0_1024/levle0_393.jpg,levle0_393.jpg,0,Level 0 (Normal / Clear),0-5 Lesions,120.75,train
data/raw/acne_1024/acne0_1024/levle0_394.jpg,data/raw/acne_1024/acne0_1024/levle0_394.jpg,levle0_394.jpg,0,Level 0 (Normal / Clear),0-5 Lesions,111.53,val
data/raw/acne_1024/acne0_1024/levle0_395.jpg,data/raw/acne_1024/acne0_1024/levle0_395.jpg,levle0_395.jpg,0,Level 0 (Normal / Clear),0-5 Lesions,127.02,train
data/raw/acne_1024/acne0_1024/levle0_396.jpg,data/raw/acne_1024/acne0_1024/levle0_396.jpg,levle0_396.jpg,0,Level 0 (Normal / Clear),0-5 Lesions,126.31,train
data/raw/acne_1024/acne0_1024/levle0_397.jpg,data/raw/acne_1024/acne0_1024/levle0_397.jpg,levle0_397.jpg,0,Level 0 (Normal / Clear),0-5 Lesions,127.92,val
data/raw/acne_1024/acne0_1024/levle0_398.jpg,data/raw/acne_1024/acne0_1024/levle0_398.jpg,levle0_398.jpg,0,Level 0 (Normal / Clear),0-5 Lesions,128.2,train
data/raw/acne_1024/acne0_1024/levle0_399.jpg,data/raw/acne_1024/acne0_1024/levle0_399.jpg,levle0_399.jpg,0,Level 0 (Normal / Clear),0-5 Lesions,131.93,test
data/raw/acne_1024/acne0_1024/levle0_4.jpg,data/raw/acne_1024/acne0_1024/levle0_4.jpg,levle0_4.jpg,0,Level 0 (Normal / Clear),0-5 Lesions,92.97,test
data/raw/acne_1024/acne0_1024/levle0_40.jpg,data/raw/acne_1024/acne0_1024/levle0_40.jpg,levle0_40.jpg,0,Level 0 (Normal / Clear),0-5 Lesions,136.09,train
data/raw/acne_1024/acne0_1024/levle0_400.jpg,data/raw/acne_1024/acne0_1024/levle0_400.jpg,levle0_400.jpg,0,Level 0 (Normal / Clear),0-5 Lesions,116.84,train
data/raw/acne_1024/acne0_1024/levle0_401.jpg,data/raw/acne_1024/acne0_1024/levle0_401.jpg,levle0_401.jpg,0,Level 0 (Normal / Clear),0-5 Lesions,125.24,train
data/raw/acne_1024/acne0_1024/levle0_402.jpg,data/raw/acne_1024/acne0_1024/levle0_402.jpg,levle0_402.jpg,0,Level 0 (Normal / Clear),0-5 Lesions,121.9,test
data/raw/acne_1024/acne0_1024/levle0_403.jpg,data/raw/acne_1024/acne0_1024/levle0_403.jpg,levle0_403.jpg,0,Level 0 (Normal / Clear),0-5 Lesions,113.84,train
data/raw/acne_1024/acne0_1024/levle0_404.jpg,data/raw/acne_1024/acne0_1024/levle0_404.jpg,levle0_404.jpg,0,Level 0 (Normal / Clear),0-5 Lesions,104.17,test
data/raw/acne_1024/acne0_1024/levle0_405.jpg,data/raw/acne_1024/acne0_1024/levle0_405.jpg,levle0_405.jpg,0,Level 0 (Normal / Clear),0-5 Lesions,109.08,train
data/raw/acne_1024/acne0_1024/levle0_406.jpg,data/raw/acne_1024/acne0_1024/levle0_406.jpg,levle0_406.jpg,0,Level 0 (Normal / Clear),0-5 Lesions,102.56,train
data/raw/acne_1024/acne0_1024/levle0_407.jpg,data/raw/acne_1024/acne0_1024/levle0_407.jpg,levle0_407.jpg,0,Level 0 (Normal / Clear),0-5 Lesions,106.69,train
data/raw/acne_1024/acne0_1024/levle0_409.jpg,data/raw/acne_1024/acne0_1024/levle0_409.jpg,levle0_409.jpg,0,Level 0 (Normal / Clear),0-5 Lesions,115.57,test
data/raw/acne_1024/acne0_1024/levle0_41.jpg,data/raw/acne_1024/acne0_1024/levle0_41.jpg,levle0_41.jpg,0,Level 0 (Normal / Clear),0-5 Lesions,146.51,train
data/raw/acne_1024/acne0_1024/levle0_410.jpg,data/raw/acne_1024/acne0_1024/levle0_410.jpg,levle0_410.jpg,0,Level 0 (Normal / Clear),0-5 Lesions,119.53,train
data/raw/acne_1024/acne0_1024/levle0_411.jpg,data/raw/acne_1024/acne0_1024/levle0_411.jpg,levle0_411.jpg,0,Level 0 (Normal / Clear),0-5 Lesions,136.87,train
data/raw/acne_1024/acne0_1024/levle0_412.jpg,data/raw/acne_1024/acne0_1024/levle0_412.jpg,levle0_412.jpg,0,Level 0 (Normal / Clear),0-5 Lesions,141.86,train
data/raw/acne_1024/acne0_1024/levle0_413.jpg,data/raw/acne_1024/acne0_1024/levle0_413.jpg,levle0_413.jpg,0,Level 0 (Normal / Clear),0-5 Lesions,108.22,train
data/raw/acne_1024/acne0_1024/levle0_414.jpg,data/raw/acne_1024/acne0_1024/levle0_414.jpg,levle0_414.jpg,0,Level 0 (Normal / Clear),0-5 Lesions,93.82,train
data/raw/acne_1024/acne0_1024/levle0_415.jpg,data/raw/acne_1024/acne0_1024/levle0_415.jpg,levle0_415.jpg,0,Level 0 (Normal / Clear),0-5 Lesions,127.8,test
data/raw/acne_1024/acne0_1024/levle0_416.jpg,data/raw/acne_1024/acne0_1024/levle0_416.jpg,levle0_416.jpg,0,Level 0 (Normal / Clear),0-5 Lesions,107.93,test
data/raw/acne_1024/acne0_1024/levle0_417.jpg,data/raw/acne_1024/acne0_1024/levle0_417.jpg,levle0_417.jpg,0,Level 0 (Normal / Clear),0-5 Lesions,129.17,val
data/raw/acne_1024/acne0_1024/levle0_418.jpg,data/raw/acne_1024/acne0_1024/levle0_418.jpg,levle0_418.jpg,0,Level 0 (Normal / Clear),0-5 Lesions,124.04,train
data/raw/acne_1024/acne0_1024/levle0_419.jpg,data/raw/acne_1024/acne0_1024/levle0_419.jpg,levle0_419.jpg,0,Level 0 (Normal / Clear),0-5 Lesions,128.17,val
data/raw/acne_1024/acne0_1024/levle0_42.jpg,data/raw/acne_1024/acne0_1024/levle0_42.jpg,levle0_42.jpg,0,Level 0 (Normal / Clear),0-5 Lesions,134.66,train
data/raw/acne_1024/acne0_1024/levle0_420.jpg,data/raw/acne_1024/acne0_1024/levle0_420.jpg,levle0_420.jpg,0,Level 0 (Normal / Clear),0-5 Lesions,134.25,train
data/raw/acne_1024/acne0_1024/levle0_421.jpg,data/raw/acne_1024/acne0_1024/levle0_421.jpg,levle0_421.jpg,0,Level 0 (Normal / Clear),0-5 Lesions,119.75,train
data/raw/acne_1024/acne0_1024/levle0_422.jpg,data/raw/acne_1024/acne0_1024/levle0_422.jpg,levle0_422.jpg,0,Level 0 (Normal / Clear),0-5 Lesions,105.8,train
data/raw/acne_1024/acne0_1024/levle0_423.jpg,data/raw/acne_1024/acne0_1024/levle0_423.jpg,levle0_423.jpg,0,Level 0 (Normal / Clear),0-5 Lesions,114.93,train
data/raw/acne_1024/acne0_1024/levle0_424.jpg,data/raw/acne_1024/acne0_1024/levle0_424.jpg,levle0_424.jpg,0,Level 0 (Normal / Clear),0-5 Lesions,108.13,train
data/raw/acne_1024/acne0_1024/levle0_425.jpg,data/raw/acne_1024/acne0_1024/levle0_425.jpg,levle0_425.jpg,0,Level 0 (Normal / Clear),0-5 Lesions,98.07,test
data/raw/acne_1024/acne0_1024/levle0_426.jpg,data/raw/acne_1024/acne0_1024/levle0_426.jpg,levle0_426.jpg,0,Level 0 (Normal / Clear),0-5 Lesions,89.77,train
data/raw/acne_1024/acne0_1024/levle0_427.jpg,data/raw/acne_1024/acne0_1024/levle0_427.jpg,levle0_427.jpg,0,Level 0 (Normal / Clear),0-5 Lesions,89.07,val
data/raw/acne_1024/acne0_1024/levle0_428.jpg,data/raw/acne_1024/acne0_1024/levle0_428.jpg,levle0_428.jpg,0,Level 0 (Normal / Clear),0-5 Lesions,125.57,train
data/raw/acne_1024/acne0_1024/levle0_429.jpg,data/raw/acne_1024/acne0_1024/levle0_429.jpg,levle0_429.jpg,0,Level 0 (Normal / Clear),0-5 Lesions,115.55,train
data/raw/acne_1024/acne0_1024/levle0_43.jpg,data/raw/acne_1024/acne0_1024/levle0_43.jpg,levle0_43.jpg,0,Level 0 (Normal / Clear),0-5 Lesions,82.06,train
data/raw/acne_1024/acne0_1024/levle0_430.jpg,data/raw/acne_1024/acne0_1024/levle0_430.jpg,levle0_430.jpg,0,Level 0 (Normal / Clear),0-5 Lesions,125.71,test
data/raw/acne_1024/acne0_1024/levle0_432.jpg,data/raw/acne_1024/acne0_1024/levle0_432.jpg,levle0_432.jpg,0,Level 0 (Normal / Clear),0-5 Lesions,92.38,val
data/raw/acne_1024/acne0_1024/levle0_436.jpg,data/raw/acne_1024/acne0_1024/levle0_436.jpg,levle0_436.jpg,0,Level 0 (Normal / Clear),0-5 Lesions,111.51,val
data/raw/acne_1024/acne0_1024/levle0_438.jpg,data/raw/acne_1024/acne0_1024/levle0_438.jpg,levle0_438.jpg,0,Level 0 (Normal / Clear),0-5 Lesions,100.68,train
data/raw/acne_1024/acne0_1024/levle0_439.jpg,data/raw/acne_1024/acne0_1024/levle0_439.jpg,levle0_439.jpg,0,Level 0 (Normal / Clear),0-5 Lesions,115.15,train
data/raw/acne_1024/acne0_1024/levle0_44.jpg,data/raw/acne_1024/acne0_1024/levle0_44.jpg,levle0_44.jpg,0,Level 0 (Normal / Clear),0-5 Lesions,110.18,val
data/raw/acne_1024/acne0_1024/levle0_440.jpg,data/raw/acne_1024/acne0_1024/levle0_440.jpg,levle0_440.jpg,0,Level 0 (Normal / Clear),0-5 Lesions,126.24,train
data/raw/acne_1024/acne0_1024/levle0_441.jpg,data/raw/acne_1024/acne0_1024/levle0_441.jpg,levle0_441.jpg,0,Level 0 (Normal / Clear),0-5 Lesions,108.24,val
data/raw/acne_1024/acne0_1024/levle0_442.jpg,data/raw/acne_1024/acne0_1024/levle0_442.jpg,levle0_442.jpg,0,Level 0 (Normal / Clear),0-5 Lesions,117.8,train
data/raw/acne_1024/acne0_1024/levle0_443.jpg,data/raw/acne_1024/acne0_1024/levle0_443.jpg,levle0_443.jpg,0,Level 0 (Normal / Clear),0-5 Lesions,108.8,train
data/raw/acne_1024/acne0_1024/levle0_444.jpg,data/raw/acne_1024/acne0_1024/levle0_444.jpg,levle0_444.jpg,0,Level 0 (Normal / Clear),0-5 Lesions,114.24,train
data/raw/acne_1024/acne0_1024/levle0_446.jpg,data/raw/acne_1024/acne0_1024/levle0_446.jpg,levle0_446.jpg,0,Level 0 (Normal / Clear),0-5 Lesions,109.48,train
data/raw/acne_1024/acne0_1024/levle0_447.jpg,data/raw/acne_1024/acne0_1024/levle0_447.jpg,levle0_447.jpg,0,Level 0 (Normal / Clear),0-5 Lesions,99.86,train
data/raw/acne_1024/acne0_1024/levle0_448.jpg,data/raw/acne_1024/acne0_1024/levle0_448.jpg,levle0_448.jpg,0,Level 0 (Normal / Clear),0-5 Lesions,118.48,train
data/raw/acne_1024/acne0_1024/levle0_449.jpg,data/raw/acne_1024/acne0_1024/levle0_449.jpg,levle0_449.jpg,0,Level 0 (Normal / Clear),0-5 Lesions,118.41,train
data/raw/acne_1024/acne0_1024/levle0_45.jpg,data/raw/acne_1024/acne0_1024/levle0_45.jpg,levle0_45.jpg,0,Level 0 (Normal / Clear),0-5 Lesions,127.86,train
data/raw/acne_1024/acne0_1024/levle0_450.jpg,data/raw/acne_1024/acne0_1024/levle0_450.jpg,levle0_450.jpg,0,Level 0 (Normal / Clear),0-5 Lesions,126.53,test
data/raw/acne_1024/acne0_1024/levle0_451.jpg,data/raw/acne_1024/acne0_1024/levle0_451.jpg,levle0_451.jpg,0,Level 0 (Normal / Clear),0-5 Lesions,92.08,train
data/raw/acne_1024/acne0_1024/levle0_452.jpg,data/raw/acne_1024/acne0_1024/levle0_452.jpg,levle0_452.jpg,0,Level 0 (Normal / Clear),0-5 Lesions,88.06,train
data/raw/acne_1024/acne0_1024/levle0_453.jpg,data/raw/acne_1024/acne0_1024/levle0_453.jpg,levle0_453.jpg,0,Level 0 (Normal / Clear),0-5 Lesions,103.39,train
data/raw/acne_1024/acne0_1024/levle0_454.jpg,data/raw/acne_1024/acne0_1024/levle0_454.jpg,levle0_454.jpg,0,Level 0 (Normal / Clear),0-5 Lesions,119.52,test
data/raw/acne_1024/acne0_1024/levle0_455.jpg,data/raw/acne_1024/acne0_1024/levle0_455.jpg,levle0_455.jpg,0,Level 0 (Normal / Clear),0-5 Lesions,145.89,train
data/raw/acne_1024/acne0_1024/levle0_456.jpg,data/raw/acne_1024/acne0_1024/levle0_456.jpg,levle0_456.jpg,0,Level 0 (Normal / Clear),0-5 Lesions,149.74,train
data/raw/acne_1024/acne0_1024/levle0_457.jpg,data/raw/acne_1024/acne0_1024/levle0_457.jpg,levle0_457.jpg,0,Level 0 (Normal / Clear),0-5 Lesions,119.09,test
data/raw/acne_1024/acne0_1024/levle0_458.jpg,data/raw/acne_1024/acne0_1024/levle0_458.jpg,levle0_458.jpg,0,Level 0 (Normal / Clear),0-5 Lesions,112.02,train
data/raw/acne_1024/acne0_1024/levle0_459.jpg,data/raw/acne_1024/acne0_1024/levle0_459.jpg,levle0_459.jpg,0,Level 0 (Normal / Clear),0-5 Lesions,88.8,train
data/raw/acne_1024/acne0_1024/levle0_46.jpg,data/raw/acne_1024/acne0_1024/levle0_46.jpg,levle0_46.jpg,0,Level 0 (Normal / Clear),0-5 Lesions,114.69,train
data/raw/acne_1024/acne0_1024/levle0_460.jpg,data/raw/acne_1024/acne0_1024/levle0_460.jpg,levle0_460.jpg,0,Level 0 (Normal / Clear),0-5 Lesions,99.83,train
data/raw/acne_1024/acne0_1024/levle0_461.jpg,data/raw/acne_1024/acne0_1024/levle0_461.jpg,levle0_461.jpg,0,Level 0 (Normal / Clear),0-5 Lesions,90.52,train
data/raw/acne_1024/acne0_1024/levle0_462.jpg,data/raw/acne_1024/acne0_1024/levle0_462.jpg,levle0_462.jpg,0,Level 0 (Normal / Clear),0-5 Lesions,87.19,test
data/raw/acne_1024/acne0_1024/levle0_463.jpg,data/raw/acne_1024/acne0_1024/levle0_463.jpg,levle0_463.jpg,0,Level 0 (Normal / Clear),0-5 Lesions,155.07,train
data/raw/acne_1024/acne0_1024/levle0_465.jpg,data/raw/acne_1024/acne0_1024/levle0_465.jpg,levle0_465.jpg,0,Level 0 (Normal / Clear),0-5 Lesions,125.95,train
data/raw/acne_1024/acne0_1024/levle0_466.jpg,data/raw/acne_1024/acne0_1024/levle0_466.jpg,levle0_466.jpg,0,Level 0 (Normal / Clear),0-5 Lesions,133.0,train
data/raw/acne_1024/acne0_1024/levle0_467.jpg,data/raw/acne_1024/acne0_1024/levle0_467.jpg,levle0_467.jpg,0,Level 0 (Normal / Clear),0-5 Lesions,130.31,train
data/raw/acne_1024/acne0_1024/levle0_468.jpg,data/raw/acne_1024/acne0_1024/levle0_468.jpg,levle0_468.jpg,0,Level 0 (Normal / Clear),0-5 Lesions,146.55,train
data/raw/acne_1024/acne0_1024/levle0_469.jpg,data/raw/acne_1024/acne0_1024/levle0_469.jpg,levle0_469.jpg,0,Level 0 (Normal / Clear),0-5 Lesions,105.52,test
data/raw/acne_1024/acne0_1024/levle0_47.jpg,data/raw/acne_1024/acne0_1024/levle0_47.jpg,levle0_47.jpg,0,Level 0 (Normal / Clear),0-5 Lesions,133.83,train
data/raw/acne_1024/acne0_1024/levle0_470.jpg,data/raw/acne_1024/acne0_1024/levle0_470.jpg,levle0_470.jpg,0,Level 0 (Normal / Clear),0-5 Lesions,116.24,train
data/raw/acne_1024/acne0_1024/levle0_471.jpg,data/raw/acne_1024/acne0_1024/levle0_471.jpg,levle0_471.jpg,0,Level 0 (Normal / Clear),0-5 Lesions,98.42,train
data/raw/acne_1024/acne0_1024/levle0_473.jpg,data/raw/acne_1024/acne0_1024/levle0_473.jpg,levle0_473.jpg,0,Level 0 (Normal / Clear),0-5 Lesions,127.85,train
data/raw/acne_1024/acne0_1024/levle0_474.jpg,data/raw/acne_1024/acne0_1024/levle0_474.jpg,levle0_474.jpg,0,Level 0 (Normal / Clear),0-5 Lesions,119.76,train
data/raw/acne_1024/acne0_1024/levle0_475.jpg,data/raw/acne_1024/acne0_1024/levle0_475.jpg,levle0_475.jpg,0,Level 0 (Normal / Clear),0-5 Lesions,131.67,train
data/raw/acne_1024/acne0_1024/levle0_476.jpg,data/raw/acne_1024/acne0_1024/levle0_476.jpg,levle0_476.jpg,0,Level 0 (Normal / Clear),0-5 Lesions,129.53,val
data/raw/acne_1024/acne0_1024/levle0_477.jpg,data/raw/acne_1024/acne0_1024/levle0_477.jpg,levle0_477.jpg,0,Level 0 (Normal / Clear),0-5 Lesions,130.07,train
data/raw/acne_1024/acne0_1024/levle0_478.jpg,data/raw/acne_1024/acne0_1024/levle0_478.jpg,levle0_478.jpg,0,Level 0 (Normal / Clear),0-5 Lesions,106.42,test
data/raw/acne_1024/acne0_1024/levle0_48.jpg,data/raw/acne_1024/acne0_1024/levle0_48.jpg,levle0_48.jpg,0,Level 0 (Normal / Clear),0-5 Lesions,122.5,train
data/raw/acne_1024/acne0_1024/levle0_480.jpg,data/raw/acne_1024/acne0_1024/levle0_480.jpg,levle0_480.jpg,0,Level 0 (Normal / Clear),0-5 Lesions,167.22,test
data/raw/acne_1024/acne0_1024/levle0_482.jpg,data/raw/acne_1024/acne0_1024/levle0_482.jpg,levle0_482.jpg,0,Level 0 (Normal / Clear),0-5 Lesions,112.57,train
data/raw/acne_1024/acne0_1024/levle0_483.jpg,data/raw/acne_1024/acne0_1024/levle0_483.jpg,levle0_483.jpg,0,Level 0 (Normal / Clear),0-5 Lesions,107.84,test
data/raw/acne_1024/acne0_1024/levle0_484.jpg,data/raw/acne_1024/acne0_1024/levle0_484.jpg,levle0_484.jpg,0,Level 0 (Normal / Clear),0-5 Lesions,134.85,train
data/raw/acne_1024/acne0_1024/levle0_485.jpg,data/raw/acne_1024/acne0_1024/levle0_485.jpg,levle0_485.jpg,0,Level 0 (Normal / Clear),0-5 Lesions,135.08,train
data/raw/acne_1024/acne0_1024/levle0_486.jpg,data/raw/acne_1024/acne0_1024/levle0_486.jpg,levle0_486.jpg,0,Level 0 (Normal / Clear),0-5 Lesions,126.66,train
data/raw/acne_1024/acne0_1024/levle0_487.jpg,data/raw/acne_1024/acne0_1024/levle0_487.jpg,levle0_487.jpg,0,Level 0 (Normal / Clear),0-5 Lesions,113.33,train
data/raw/acne_1024/acne0_1024/levle0_488.jpg,data/raw/acne_1024/acne0_1024/levle0_488.jpg,levle0_488.jpg,0,Level 0 (Normal / Clear),0-5 Lesions,100.28,train
data/raw/acne_1024/acne0_1024/levle0_489.jpg,data/raw/acne_1024/acne0_1024/levle0_489.jpg,levle0_489.jpg,0,Level 0 (Normal / Clear),0-5 Lesions,108.99,train
data/raw/acne_1024/acne0_1024/levle0_49.jpg,data/raw/acne_1024/acne0_1024/levle0_49.jpg,levle0_49.jpg,0,Level 0 (Normal / Clear),0-5 Lesions,99.84,train
data/raw/acne_1024/acne0_1024/levle0_491.jpg,data/raw/acne_1024/acne0_1024/levle0_491.jpg,levle0_491.jpg,0,Level 0 (Normal / Clear),0-5 Lesions,160.99,train
data/raw/acne_1024/acne0_1024/levle0_492.jpg,data/raw/acne_1024/acne0_1024/levle0_492.jpg,levle0_492.jpg,0,Level 0 (Normal / Clear),0-5 Lesions,142.09,test
data/raw/acne_1024/acne0_1024/levle0_493.jpg,data/raw/acne_1024/acne0_1024/levle0_493.jpg,levle0_493.jpg,0,Level 0 (Normal / Clear),0-5 Lesions,110.15,test
data/raw/acne_1024/acne0_1024/levle0_494.jpg,data/raw/acne_1024/acne0_1024/levle0_494.jpg,levle0_494.jpg,0,Level 0 (Normal / Clear),0-5 Lesions,126.67,train
data/raw/acne_1024/acne0_1024/levle0_495.jpg,data/raw/acne_1024/acne0_1024/levle0_495.jpg,levle0_495.jpg,0,Level 0 (Normal / Clear),0-5 Lesions,111.62,train
data/raw/acne_1024/acne0_1024/levle0_496.jpg,data/raw/acne_1024/acne0_1024/levle0_496.jpg,levle0_496.jpg,0,Level 0 (Normal / Clear),0-5 Lesions,119.61,train
data/raw/acne_1024/acne0_1024/levle0_497.jpg,data/raw/acne_1024/acne0_1024/levle0_497.jpg,levle0_497.jpg,0,Level 0 (Normal / Clear),0-5 Lesions,105.8,train
data/raw/acne_1024/acne0_1024/levle0_498.jpg,data/raw/acne_1024/acne0_1024/levle0_498.jpg,levle0_498.jpg,0,Level 0 (Normal / Clear),0-5 Lesions,106.64,train
data/raw/acne_1024/acne0_1024/levle0_499.jpg,data/raw/acne_1024/acne0_1024/levle0_499.jpg,levle0_499.jpg,0,Level 0 (Normal / Clear),0-5 Lesions,130.16,train
data/raw/acne_1024/acne0_1024/levle0_50.jpg,data/raw/acne_1024/acne0_1024/levle0_50.jpg,levle0_50.jpg,0,Level 0 (Normal / Clear),0-5 Lesions,126.32,train
data/raw/acne_1024/acne0_1024/levle0_501.jpg,data/raw/acne_1024/acne0_1024/levle0_501.jpg,levle0_501.jpg,0,Level 0 (Normal / Clear),0-5 Lesions,124.3,train
data/raw/acne_1024/acne0_1024/levle0_503.jpg,data/raw/acne_1024/acne0_1024/levle0_503.jpg,levle0_503.jpg,0,Level 0 (Normal / Clear),0-5 Lesions,132.67,train
data/raw/acne_1024/acne0_1024/levle0_504.jpg,data/raw/acne_1024/acne0_1024/levle0_504.jpg,levle0_504.jpg,0,Level 0 (Normal / Clear),0-5 Lesions,152.1,train
data/raw/acne_1024/acne0_1024/levle0_505.jpg,data/raw/acne_1024/acne0_1024/levle0_505.jpg,levle0_505.jpg,0,Level 0 (Normal / Clear),0-5 Lesions,136.9,test
data/raw/acne_1024/acne0_1024/levle0_506.jpg,data/raw/acne_1024/acne0_1024/levle0_506.jpg,levle0_506.jpg,0,Level 0 (Normal / Clear),0-5 Lesions,144.51,test
data/raw/acne_1024/acne0_1024/levle0_507.jpg,data/raw/acne_1024/acne0_1024/levle0_507.jpg,levle0_507.jpg,0,Level 0 (Normal / Clear),0-5 Lesions,110.99,val
data/raw/acne_1024/acne0_1024/levle0_508.jpg,data/raw/acne_1024/acne0_1024/levle0_508.jpg,levle0_508.jpg,0,Level 0 (Normal / Clear),0-5 Lesions,119.48,train
data/raw/acne_1024/acne0_1024/levle0_509.jpg,data/raw/acne_1024/acne0_1024/levle0_509.jpg,levle0_509.jpg,0,Level 0 (Normal / Clear),0-5 Lesions,119.25,val
data/raw/acne_1024/acne0_1024/levle0_51.jpg,data/raw/acne_1024/acne0_1024/levle0_51.jpg,levle0_51.jpg,0,Level 0 (Normal / Clear),0-5 Lesions,143.39,train
data/raw/acne_1024/acne0_1024/levle0_510.jpg,data/raw/acne_1024/acne0_1024/levle0_510.jpg,levle0_510.jpg,0,Level 0 (Normal / Clear),0-5 Lesions,150.95,train
data/raw/acne_1024/acne0_1024/levle0_511.jpg,data/raw/acne_1024/acne0_1024/levle0_511.jpg,levle0_511.jpg,0,Level 0 (Normal / Clear),0-5 Lesions,140.47,train
data/raw/acne_1024/acne0_1024/levle0_512.jpg,data/raw/acne_1024/acne0_1024/levle0_512.jpg,levle0_512.jpg,0,Level 0 (Normal / Clear),0-5 Lesions,149.77,test
data/raw/acne_1024/acne0_1024/levle0_513.jpg,data/raw/acne_1024/acne0_1024/levle0_513.jpg,levle0_513.jpg,0,Level 0 (Normal / Clear),0-5 Lesions,129.96,train
data/raw/acne_1024/acne0_1024/levle0_514.jpg,data/raw/acne_1024/acne0_1024/levle0_514.jpg,levle0_514.jpg,0,Level 0 (Normal / Clear),0-5 Lesions,82.69,train
data/raw/acne_1024/acne0_1024/levle0_515.jpg,data/raw/acne_1024/acne0_1024/levle0_515.jpg,levle0_515.jpg,0,Level 0 (Normal / Clear),0-5 Lesions,78.4,train
data/raw/acne_1024/acne0_1024/levle0_516.jpg,data/raw/acne_1024/acne0_1024/levle0_516.jpg,levle0_516.jpg,0,Level 0 (Normal / Clear),0-5 Lesions,81.77,train
data/raw/acne_1024/acne0_1024/levle0_517.jpg,data/raw/acne_1024/acne0_1024/levle0_517.jpg,levle0_517.jpg,0,Level 0 (Normal / Clear),0-5 Lesions,111.43,train
data/raw/acne_1024/acne0_1024/levle0_518.jpg,data/raw/acne_1024/acne0_1024/levle0_518.jpg,levle0_518.jpg,0,Level 0 (Normal / Clear),0-5 Lesions,134.65,train
data/raw/acne_1024/acne0_1024/levle0_519.jpg,data/raw/acne_1024/acne0_1024/levle0_519.jpg,levle0_519.jpg,0,Level 0 (Normal / Clear),0-5 Lesions,131.82,val
data/raw/acne_1024/acne0_1024/levle0_52.jpg,data/raw/acne_1024/acne0_1024/levle0_52.jpg,levle0_52.jpg,0,Level 0 (Normal / Clear),0-5 Lesions,110.83,train
data/raw/acne_1024/acne0_1024/levle0_520.jpg,data/raw/acne_1024/acne0_1024/levle0_520.jpg,levle0_520.jpg,0,Level 0 (Normal / Clear),0-5 Lesions,124.32,train
data/raw/acne_1024/acne0_1024/levle0_521.jpg,data/raw/acne_1024/acne0_1024/levle0_521.jpg,levle0_521.jpg,0,Level 0 (Normal / Clear),0-5 Lesions,132.7,train
data/raw/acne_1024/acne0_1024/levle0_522.jpg,data/raw/acne_1024/acne0_1024/levle0_522.jpg,levle0_522.jpg,0,Level 0 (Normal / Clear),0-5 Lesions,134.85,train
data/raw/acne_1024/acne0_1024/levle0_523.jpg,data/raw/acne_1024/acne0_1024/levle0_523.jpg,levle0_523.jpg,0,Level 0 (Normal / Clear),0-5 Lesions,132.15,val
data/raw/acne_1024/acne0_1024/levle0_524.jpg,data/raw/acne_1024/acne0_1024/levle0_524.jpg,levle0_524.jpg,0,Level 0 (Normal / Clear),0-5 Lesions,125.09,train
data/raw/acne_1024/acne0_1024/levle0_526.jpg,data/raw/acne_1024/acne0_1024/levle0_526.jpg,levle0_526.jpg,0,Level 0 (Normal / Clear),0-5 Lesions,97.42,val
data/raw/acne_1024/acne0_1024/levle0_527.jpg,data/raw/acne_1024/acne0_1024/levle0_527.jpg,levle0_527.jpg,0,Level 0 (Normal / Clear),0-5 Lesions,105.52,test
data/raw/acne_1024/acne0_1024/levle0_528.jpg,data/raw/acne_1024/acne0_1024/levle0_528.jpg,levle0_528.jpg,0,Level 0 (Normal / Clear),0-5 Lesions,145.68,train
data/raw/acne_1024/acne0_1024/levle0_529.jpg,data/raw/acne_1024/acne0_1024/levle0_529.jpg,levle0_529.jpg,0,Level 0 (Normal / Clear),0-5 Lesions,139.31,train
data/raw/acne_1024/acne0_1024/levle0_53.jpg,data/raw/acne_1024/acne0_1024/levle0_53.jpg,levle0_53.jpg,0,Level 0 (Normal / Clear),0-5 Lesions,115.76,train
data/raw/acne_1024/acne0_1024/levle0_530.jpg,data/raw/acne_1024/acne0_1024/levle0_530.jpg,levle0_530.jpg,0,Level 0 (Normal / Clear),0-5 Lesions,106.95,train
data/raw/acne_1024/acne0_1024/levle0_531.jpg,data/raw/acne_1024/acne0_1024/levle0_531.jpg,levle0_531.jpg,0,Level 0 (Normal / Clear),0-5 Lesions,116.46,train
data/raw/acne_1024/acne0_1024/levle0_54.jpg,data/raw/acne_1024/acne0_1024/levle0_54.jpg,levle0_54.jpg,0,Level 0 (Normal / Clear),0-5 Lesions,120.25,test
data/raw/acne_1024/acne0_1024/levle0_55.jpg,data/raw/acne_1024/acne0_1024/levle0_55.jpg,levle0_55.jpg,0,Level 0 (Normal / Clear),0-5 Lesions,121.33,test
data/raw/acne_1024/acne0_1024/levle0_56.jpg,data/raw/acne_1024/acne0_1024/levle0_56.jpg,levle0_56.jpg,0,Level 0 (Normal / Clear),0-5 Lesions,81.56,test
data/raw/acne_1024/acne0_1024/levle0_57.jpg,data/raw/acne_1024/acne0_1024/levle0_57.jpg,levle0_57.jpg,0,Level 0 (Normal / Clear),0-5 Lesions,86.12,train
data/raw/acne_1024/acne0_1024/levle0_58.jpg,data/raw/acne_1024/acne0_1024/levle0_58.jpg,levle0_58.jpg,0,Level 0 (Normal / Clear),0-5 Lesions,76.02,train
data/raw/acne_1024/acne0_1024/levle0_59.jpg,data/raw/acne_1024/acne0_1024/levle0_59.jpg,levle0_59.jpg,0,Level 0 (Normal / Clear),0-5 Lesions,60.46,train
data/raw/acne_1024/acne0_1024/levle0_60.jpg,data/raw/acne_1024/acne0_1024/levle0_60.jpg,levle0_60.jpg,0,Level 0 (Normal / Clear),0-5 Lesions,80.6,val
data/raw/acne_1024/acne0_1024/levle0_61.jpg,data/raw/acne_1024/acne0_1024/levle0_61.jpg,levle0_61.jpg,0,Level 0 (Normal / Clear),0-5 Lesions,76.42,train
data/raw/acne_1024/acne0_1024/levle0_62.jpg,data/raw/acne_1024/acne0_1024/levle0_62.jpg,levle0_62.jpg,0,Level 0 (Normal / Clear),0-5 Lesions,80.33,train
data/raw/acne_1024/acne0_1024/levle0_63.jpg,data/raw/acne_1024/acne0_1024/levle0_63.jpg,levle0_63.jpg,0,Level 0 (Normal / Clear),0-5 Lesions,73.23,train
data/raw/acne_1024/acne0_1024/levle0_64.jpg,data/raw/acne_1024/acne0_1024/levle0_64.jpg,levle0_64.jpg,0,Level 0 (Normal / Clear),0-5 Lesions,68.25,train
data/raw/acne_1024/acne0_1024/levle0_66.jpg,data/raw/acne_1024/acne0_1024/levle0_66.jpg,levle0_66.jpg,0,Level 0 (Normal / Clear),0-5 Lesions,83.53,train
data/raw/acne_1024/acne0_1024/levle0_67.jpg,data/raw/acne_1024/acne0_1024/levle0_67.jpg,levle0_67.jpg,0,Level 0 (Normal / Clear),0-5 Lesions,77.44,train
data/raw/acne_1024/acne0_1024/levle0_68.jpg,data/raw/acne_1024/acne0_1024/levle0_68.jpg,levle0_68.jpg,0,Level 0 (Normal / Clear),0-5 Lesions,87.07,val
data/raw/acne_1024/acne0_1024/levle0_69.jpg,data/raw/acne_1024/acne0_1024/levle0_69.jpg,levle0_69.jpg,0,Level 0 (Normal / Clear),0-5 Lesions,73.59,train
data/raw/acne_1024/acne0_1024/levle0_70.jpg,data/raw/acne_1024/acne0_1024/levle0_70.jpg,levle0_70.jpg,0,Level 0 (Normal / Clear),0-5 Lesions,93.83,test
data/raw/acne_1024/acne0_1024/levle0_72.jpg,data/raw/acne_1024/acne0_1024/levle0_72.jpg,levle0_72.jpg,0,Level 0 (Normal / Clear),0-5 Lesions,94.32,train
data/raw/acne_1024/acne0_1024/levle0_73.jpg,data/raw/acne_1024/acne0_1024/levle0_73.jpg,levle0_73.jpg,0,Level 0 (Normal / Clear),0-5 Lesions,96.08,test
data/raw/acne_1024/acne0_1024/levle0_74.jpg,data/raw/acne_1024/acne0_1024/levle0_74.jpg,levle0_74.jpg,0,Level 0 (Normal / Clear),0-5 Lesions,105.16,test
data/raw/acne_1024/acne0_1024/levle0_75.jpg,data/raw/acne_1024/acne0_1024/levle0_75.jpg,levle0_75.jpg,0,Level 0 (Normal / Clear),0-5 Lesions,78.08,train
data/raw/acne_1024/acne0_1024/levle0_76.jpg,data/raw/acne_1024/acne0_1024/levle0_76.jpg,levle0_76.jpg,0,Level 0 (Normal / Clear),0-5 Lesions,74.18,train
data/raw/acne_1024/acne0_1024/levle0_77.jpg,data/raw/acne_1024/acne0_1024/levle0_77.jpg,levle0_77.jpg,0,Level 0 (Normal / Clear),0-5 Lesions,98.79,train
data/raw/acne_1024/acne0_1024/levle0_78.jpg,data/raw/acne_1024/acne0_1024/levle0_78.jpg,levle0_78.jpg,0,Level 0 (Normal / Clear),0-5 Lesions,103.79,test
data/raw/acne_1024/acne0_1024/levle0_79.jpg,data/raw/acne_1024/acne0_1024/levle0_79.jpg,levle0_79.jpg,0,Level 0 (Normal / Clear),0-5 Lesions,83.82,train
data/raw/acne_1024/acne0_1024/levle0_80.jpg,data/raw/acne_1024/acne0_1024/levle0_80.jpg,levle0_80.jpg,0,Level 0 (Normal / Clear),0-5 Lesions,85.33,test
data/raw/acne_1024/acne0_1024/levle0_81.jpg,data/raw/acne_1024/acne0_1024/levle0_81.jpg,levle0_81.jpg,0,Level 0 (Normal / Clear),0-5 Lesions,102.76,test
data/raw/acne_1024/acne0_1024/levle0_82.jpg,data/raw/acne_1024/acne0_1024/levle0_82.jpg,levle0_82.jpg,0,Level 0 (Normal / Clear),0-5 Lesions,109.86,train
data/raw/acne_1024/acne0_1024/levle0_83.jpg,data/raw/acne_1024/acne0_1024/levle0_83.jpg,levle0_83.jpg,0,Level 0 (Normal / Clear),0-5 Lesions,75.5,train
data/raw/acne_1024/acne0_1024/levle0_85.jpg,data/raw/acne_1024/acne0_1024/levle0_85.jpg,levle0_85.jpg,0,Level 0 (Normal / Clear),0-5 Lesions,89.06,train
data/raw/acne_1024/acne0_1024/levle0_86.jpg,data/raw/acne_1024/acne0_1024/levle0_86.jpg,levle0_86.jpg,0,Level 0 (Normal / Clear),0-5 Lesions,66.39,train
data/raw/acne_1024/acne0_1024/levle0_87.jpg,data/raw/acne_1024/acne0_1024/levle0_87.jpg,levle0_87.jpg,0,Level 0 (Normal / Clear),0-5 Lesions,86.78,test
data/raw/acne_1024/acne0_1024/levle0_88.jpg,data/raw/acne_1024/acne0_1024/levle0_88.jpg,levle0_88.jpg,0,Level 0 (Normal / Clear),0-5 Lesions,98.54,train
data/raw/acne_1024/acne0_1024/levle0_89.jpg,data/raw/acne_1024/acne0_1024/levle0_89.jpg,levle0_89.jpg,0,Level 0 (Normal / Clear),0-5 Lesions,125.65,train
data/raw/acne_1024/acne0_1024/levle0_90.jpg,data/raw/acne_1024/acne0_1024/levle0_90.jpg,levle0_90.jpg,0,Level 0 (Normal / Clear),0-5 Lesions,109.1,train
data/raw/acne_1024/acne0_1024/levle0_91.jpg,data/raw/acne_1024/acne0_1024/levle0_91.jpg,levle0_91.jpg,0,Level 0 (Normal / Clear),0-5 Lesions,131.39,test
data/raw/acne_1024/acne0_1024/levle0_92.jpg,data/raw/acne_1024/acne0_1024/levle0_92.jpg,levle0_92.jpg,0,Level 0 (Normal / Clear),0-5 Lesions,85.03,train
data/raw/acne_1024/acne0_1024/levle0_94.jpg,data/raw/acne_1024/acne0_1024/levle0_94.jpg,levle0_94.jpg,0,Level 0 (Normal / Clear),0-5 Lesions,134.66,train
data/raw/acne_1024/acne0_1024/levle0_95.jpg,data/raw/acne_1024/acne0_1024/levle0_95.jpg,levle0_95.jpg,0,Level 0 (Normal / Clear),0-5 Lesions,93.67,train
data/raw/acne_1024/acne0_1024/levle0_96.jpg,data/raw/acne_1024/acne0_1024/levle0_96.jpg,levle0_96.jpg,0,Level 0 (Normal / Clear),0-5 Lesions,104.47,test
data/raw/acne_1024/acne0_1024/levle0_97.jpg,data/raw/acne_1024/acne0_1024/levle0_97.jpg,levle0_97.jpg,0,Level 0 (Normal / Clear),0-5 Lesions,120.72,train
data/raw/acne_1024/acne0_1024/levle0_98.jpg,data/raw/acne_1024/acne0_1024/levle0_98.jpg,levle0_98.jpg,0,Level 0 (Normal / Clear),0-5 Lesions,112.66,train
data/raw/acne_1024/acne0_1024/levle0_99.jpg,data/raw/acne_1024/acne0_1024/levle0_99.jpg,levle0_99.jpg,0,Level 0 (Normal / Clear),0-5 Lesions,112.66,val
data/raw/acne_1024/acne1_1024/levle1_0.jpg,data/raw/acne_1024/acne1_1024/levle1_0.jpg,levle1_0.jpg,1,Level 1 (Mild),6-20 Lesions,77.46,val
data/raw/acne_1024/acne1_1024/levle1_100.jpg,data/raw/acne_1024/acne1_1024/levle1_100.jpg,levle1_100.jpg,1,Level 1 (Mild),6-20 Lesions,114.79,train
data/raw/acne_1024/acne1_1024/levle1_101.jpg,data/raw/acne_1024/acne1_1024/levle1_101.jpg,levle1_101.jpg,1,Level 1 (Mild),6-20 Lesions,86.49,train
data/raw/acne_1024/acne1_1024/levle1_102.jpg,data/raw/acne_1024/acne1_1024/levle1_102.jpg,levle1_102.jpg,1,Level 1 (Mild),6-20 Lesions,89.1,train
data/raw/acne_1024/acne1_1024/levle1_103.jpg,data/raw/acne_1024/acne1_1024/levle1_103.jpg,levle1_103.jpg,1,Level 1 (Mild),6-20 Lesions,74.78,train
data/raw/acne_1024/acne1_1024/levle1_104.jpg,data/raw/acne_1024/acne1_1024/levle1_104.jpg,levle1_104.jpg,1,Level 1 (Mild),6-20 Lesions,81.07,train
data/raw/acne_1024/acne1_1024/levle1_105.jpg,data/raw/acne_1024/acne1_1024/levle1_105.jpg,levle1_105.jpg,1,Level 1 (Mild),6-20 Lesions,65.48,train
data/raw/acne_1024/acne1_1024/levle1_106.jpg,data/raw/acne_1024/acne1_1024/levle1_106.jpg,levle1_106.jpg,1,Level 1 (Mild),6-20 Lesions,111.48,train
data/raw/acne_1024/acne1_1024/levle1_107.jpg,data/raw/acne_1024/acne1_1024/levle1_107.jpg,levle1_107.jpg,1,Level 1 (Mild),6-20 Lesions,86.8,val
data/raw/acne_1024/acne1_1024/levle1_108.jpg,data/raw/acne_1024/acne1_1024/levle1_108.jpg,levle1_108.jpg,1,Level 1 (Mild),6-20 Lesions,99.54,train
data/raw/acne_1024/acne1_1024/levle1_109.jpg,data/raw/acne_1024/acne1_1024/levle1_109.jpg,levle1_109.jpg,1,Level 1 (Mild),6-20 Lesions,118.78,train
data/raw/acne_1024/acne1_1024/levle1_11.jpg,data/raw/acne_1024/acne1_1024/levle1_11.jpg,levle1_11.jpg,1,Level 1 (Mild),6-20 Lesions,28.71,val
data/raw/acne_1024/acne1_1024/levle1_110.jpg,data/raw/acne_1024/acne1_1024/levle1_110.jpg,levle1_110.jpg,1,Level 1 (Mild),6-20 Lesions,88.93,train
data/raw/acne_1024/acne1_1024/levle1_111.jpg,data/raw/acne_1024/acne1_1024/levle1_111.jpg,levle1_111.jpg,1,Level 1 (Mild),6-20 Lesions,68.35,val
data/raw/acne_1024/acne1_1024/levle1_112.jpg,data/raw/acne_1024/acne1_1024/levle1_112.jpg,levle1_112.jpg,1,Level 1 (Mild),6-20 Lesions,102.9,train
data/raw/acne_1024/acne1_1024/levle1_113.jpg,data/raw/acne_1024/acne1_1024/levle1_113.jpg,levle1_113.jpg,1,Level 1 (Mild),6-20 Lesions,76.53,val
data/raw/acne_1024/acne1_1024/levle1_114.jpg,data/raw/acne_1024/acne1_1024/levle1_114.jpg,levle1_114.jpg,1,Level 1 (Mild),6-20 Lesions,88.17,train
data/raw/acne_1024/acne1_1024/levle1_115.jpg,data/raw/acne_1024/acne1_1024/levle1_115.jpg,levle1_115.jpg,1,Level 1 (Mild),6-20 Lesions,96.71,train
data/raw/acne_1024/acne1_1024/levle1_116.jpg,data/raw/acne_1024/acne1_1024/levle1_116.jpg,levle1_116.jpg,1,Level 1 (Mild),6-20 Lesions,78.47,test
data/raw/acne_1024/acne1_1024/levle1_117.jpg,data/raw/acne_1024/acne1_1024/levle1_117.jpg,levle1_117.jpg,1,Level 1 (Mild),6-20 Lesions,115.42,val
data/raw/acne_1024/acne1_1024/levle1_118.jpg,data/raw/acne_1024/acne1_1024/levle1_118.jpg,levle1_118.jpg,1,Level 1 (Mild),6-20 Lesions,103.43,train
data/raw/acne_1024/acne1_1024/levle1_119.jpg,data/raw/acne_1024/acne1_1024/levle1_119.jpg,levle1_119.jpg,1,Level 1 (Mild),6-20 Lesions,98.32,train
data/raw/acne_1024/acne1_1024/levle1_12.jpg,data/raw/acne_1024/acne1_1024/levle1_12.jpg,levle1_12.jpg,1,Level 1 (Mild),6-20 Lesions,58.46,train
data/raw/acne_1024/acne1_1024/levle1_120.jpg,data/raw/acne_1024/acne1_1024/levle1_120.jpg,levle1_120.jpg,1,Level 1 (Mild),6-20 Lesions,89.87,train
data/raw/acne_1024/acne1_1024/levle1_121.jpg,data/raw/acne_1024/acne1_1024/levle1_121.jpg,levle1_121.jpg,1,Level 1 (Mild),6-20 Lesions,90.97,val
data/raw/acne_1024/acne1_1024/levle1_122.jpg,data/raw/acne_1024/acne1_1024/levle1_122.jpg,levle1_122.jpg,1,Level 1 (Mild),6-20 Lesions,99.3,train
data/raw/acne_1024/acne1_1024/levle1_123.jpg,data/raw/acne_1024/acne1_1024/levle1_123.jpg,levle1_123.jpg,1,Level 1 (Mild),6-20 Lesions,86.71,train
data/raw/acne_1024/acne1_1024/levle1_124.jpg,data/raw/acne_1024/acne1_1024/levle1_124.jpg,levle1_124.jpg,1,Level 1 (Mild),6-20 Lesions,87.37,train
data/raw/acne_1024/acne1_1024/levle1_125.jpg,data/raw/acne_1024/acne1_1024/levle1_125.jpg,levle1_125.jpg,1,Level 1 (Mild),6-20 Lesions,85.57,test
data/raw/acne_1024/acne1_1024/levle1_126.jpg,data/raw/acne_1024/acne1_1024/levle1_126.jpg,levle1_126.jpg,1,Level 1 (Mild),6-20 Lesions,84.99,train
data/raw/acne_1024/acne1_1024/levle1_127.jpg,data/raw/acne_1024/acne1_1024/levle1_127.jpg,levle1_127.jpg,1,Level 1 (Mild),6-20 Lesions,83.73,train
data/raw/acne_1024/acne1_1024/levle1_128.jpg,data/raw/acne_1024/acne1_1024/levle1_128.jpg,levle1_128.jpg,1,Level 1 (Mild),6-20 Lesions,88.83,train
data/raw/acne_1024/acne1_1024/levle1_129.jpg,data/raw/acne_1024/acne1_1024/levle1_129.jpg,levle1_129.jpg,1,Level 1 (Mild),6-20 Lesions,135.08,train
data/raw/acne_1024/acne1_1024/levle1_130.jpg,data/raw/acne_1024/acne1_1024/levle1_130.jpg,levle1_130.jpg,1,Level 1 (Mild),6-20 Lesions,120.44,train
data/raw/acne_1024/acne1_1024/levle1_131.jpg,data/raw/acne_1024/acne1_1024/levle1_131.jpg,levle1_131.jpg,1,Level 1 (Mild),6-20 Lesions,67.7,val
data/raw/acne_1024/acne1_1024/levle1_132.jpg,data/raw/acne_1024/acne1_1024/levle1_132.jpg,levle1_132.jpg,1,Level 1 (Mild),6-20 Lesions,137.01,train
data/raw/acne_1024/acne1_1024/levle1_133.jpg,data/raw/acne_1024/acne1_1024/levle1_133.jpg,levle1_133.jpg,1,Level 1 (Mild),6-20 Lesions,98.0,val
data/raw/acne_1024/acne1_1024/levle1_134.jpg,data/raw/acne_1024/acne1_1024/levle1_134.jpg,levle1_134.jpg,1,Level 1 (Mild),6-20 Lesions,94.83,train
data/raw/acne_1024/acne1_1024/levle1_135.jpg,data/raw/acne_1024/acne1_1024/levle1_135.jpg,levle1_135.jpg,1,Level 1 (Mild),6-20 Lesions,112.54,val
data/raw/acne_1024/acne1_1024/levle1_136.jpg,data/raw/acne_1024/acne1_1024/levle1_136.jpg,levle1_136.jpg,1,Level 1 (Mild),6-20 Lesions,125.57,train
data/raw/acne_1024/acne1_1024/levle1_137.jpg,data/raw/acne_1024/acne1_1024/levle1_137.jpg,levle1_137.jpg,1,Level 1 (Mild),6-20 Lesions,108.8,train
data/raw/acne_1024/acne1_1024/levle1_138.jpg,data/raw/acne_1024/acne1_1024/levle1_138.jpg,levle1_138.jpg,1,Level 1 (Mild),6-20 Lesions,83.75,val
data/raw/acne_1024/acne1_1024/levle1_139.jpg,data/raw/acne_1024/acne1_1024/levle1_139.jpg,levle1_139.jpg,1,Level 1 (Mild),6-20 Lesions,134.54,test
data/raw/acne_1024/acne1_1024/levle1_140.jpg,data/raw/acne_1024/acne1_1024/levle1_140.jpg,levle1_140.jpg,1,Level 1 (Mild),6-20 Lesions,85.9,test
data/raw/acne_1024/acne1_1024/levle1_141.jpg,data/raw/acne_1024/acne1_1024/levle1_141.jpg,levle1_141.jpg,1,Level 1 (Mild),6-20 Lesions,72.18,train
data/raw/acne_1024/acne1_1024/levle1_142.jpg,data/raw/acne_1024/acne1_1024/levle1_142.jpg,levle1_142.jpg,1,Level 1 (Mild),6-20 Lesions,101.07,train
data/raw/acne_1024/acne1_1024/levle1_143.jpg,data/raw/acne_1024/acne1_1024/levle1_143.jpg,levle1_143.jpg,1,Level 1 (Mild),6-20 Lesions,127.89,test
data/raw/acne_1024/acne1_1024/levle1_144.jpg,data/raw/acne_1024/acne1_1024/levle1_144.jpg,levle1_144.jpg,1,Level 1 (Mild),6-20 Lesions,150.68,train
data/raw/acne_1024/acne1_1024/levle1_145.jpg,data/raw/acne_1024/acne1_1024/levle1_145.jpg,levle1_145.jpg,1,Level 1 (Mild),6-20 Lesions,145.7,train
data/raw/acne_1024/acne1_1024/levle1_146.jpg,data/raw/acne_1024/acne1_1024/levle1_146.jpg,levle1_146.jpg,1,Level 1 (Mild),6-20 Lesions,96.69,train
data/raw/acne_1024/acne1_1024/levle1_147.jpg,data/raw/acne_1024/acne1_1024/levle1_147.jpg,levle1_147.jpg,1,Level 1 (Mild),6-20 Lesions,126.99,train
data/raw/acne_1024/acne1_1024/levle1_149.jpg,data/raw/acne_1024/acne1_1024/levle1_149.jpg,levle1_149.jpg,1,Level 1 (Mild),6-20 Lesions,104.22,train
data/raw/acne_1024/acne1_1024/levle1_15.jpg,data/raw/acne_1024/acne1_1024/levle1_15.jpg,levle1_15.jpg,1,Level 1 (Mild),6-20 Lesions,67.75,train
data/raw/acne_1024/acne1_1024/levle1_150.jpg,data/raw/acne_1024/acne1_1024/levle1_150.jpg,levle1_150.jpg,1,Level 1 (Mild),6-20 Lesions,124.72,test
data/raw/acne_1024/acne1_1024/levle1_151.jpg,data/raw/acne_1024/acne1_1024/levle1_151.jpg,levle1_151.jpg,1,Level 1 (Mild),6-20 Lesions,90.74,train
data/raw/acne_1024/acne1_1024/levle1_152.jpg,data/raw/acne_1024/acne1_1024/levle1_152.jpg,levle1_152.jpg,1,Level 1 (Mild),6-20 Lesions,134.36,train
data/raw/acne_1024/acne1_1024/levle1_153.jpg,data/raw/acne_1024/acne1_1024/levle1_153.jpg,levle1_153.jpg,1,Level 1 (Mild),6-20 Lesions,118.53,train
data/raw/acne_1024/acne1_1024/levle1_154.jpg,data/raw/acne_1024/acne1_1024/levle1_154.jpg,levle1_154.jpg,1,Level 1 (Mild),6-20 Lesions,143.63,val
data/raw/acne_1024/acne1_1024/levle1_155.jpg,data/raw/acne_1024/acne1_1024/levle1_155.jpg,levle1_155.jpg,1,Level 1 (Mild),6-20 Lesions,113.5,train
data/raw/acne_1024/acne1_1024/levle1_156.jpg,data/raw/acne_1024/acne1_1024/levle1_156.jpg,levle1_156.jpg,1,Level 1 (Mild),6-20 Lesions,136.06,train
data/raw/acne_1024/acne1_1024/levle1_157.jpg,data/raw/acne_1024/acne1_1024/levle1_157.jpg,levle1_157.jpg,1,Level 1 (Mild),6-20 Lesions,141.26,train
data/raw/acne_1024/acne1_1024/levle1_158.jpg,data/raw/acne_1024/acne1_1024/levle1_158.jpg,levle1_158.jpg,1,Level 1 (Mild),6-20 Lesions,98.28,test
data/raw/acne_1024/acne1_1024/levle1_159.jpg,data/raw/acne_1024/acne1_1024/levle1_159.jpg,levle1_159.jpg,1,Level 1 (Mild),6-20 Lesions,129.63,train
data/raw/acne_1024/acne1_1024/levle1_16.jpg,data/raw/acne_1024/acne1_1024/levle1_16.jpg,levle1_16.jpg,1,Level 1 (Mild),6-20 Lesions,122.66,train
data/raw/acne_1024/acne1_1024/levle1_160.jpg,data/raw/acne_1024/acne1_1024/levle1_160.jpg,levle1_160.jpg,1,Level 1 (Mild),6-20 Lesions,76.83,train
data/raw/acne_1024/acne1_1024/levle1_161.jpg,data/raw/acne_1024/acne1_1024/levle1_161.jpg,levle1_161.jpg,1,Level 1 (Mild),6-20 Lesions,169.31,train
data/raw/acne_1024/acne1_1024/levle1_162.jpg,data/raw/acne_1024/acne1_1024/levle1_162.jpg,levle1_162.jpg,1,Level 1 (Mild),6-20 Lesions,164.1,train
data/raw/acne_1024/acne1_1024/levle1_163.jpg,data/raw/acne_1024/acne1_1024/levle1_163.jpg,levle1_163.jpg,1,Level 1 (Mild),6-20 Lesions,94.77,train
data/raw/acne_1024/acne1_1024/levle1_164.jpg,data/raw/acne_1024/acne1_1024/levle1_164.jpg,levle1_164.jpg,1,Level 1 (Mild),6-20 Lesions,158.29,val
data/raw/acne_1024/acne1_1024/levle1_165.jpg,data/raw/acne_1024/acne1_1024/levle1_165.jpg,levle1_165.jpg,1,Level 1 (Mild),6-20 Lesions,101.88,test
data/raw/acne_1024/acne1_1024/levle1_166.jpg,data/raw/acne_1024/acne1_1024/levle1_166.jpg,levle1_166.jpg,1,Level 1 (Mild),6-20 Lesions,167.92,train
data/raw/acne_1024/acne1_1024/levle1_167.jpg,data/raw/acne_1024/acne1_1024/levle1_167.jpg,levle1_167.jpg,1,Level 1 (Mild),6-20 Lesions,129.99,train
data/raw/acne_1024/acne1_1024/levle1_168.jpg,data/raw/acne_1024/acne1_1024/levle1_168.jpg,levle1_168.jpg,1,Level 1 (Mild),6-20 Lesions,116.79,train
data/raw/acne_1024/acne1_1024/levle1_169.jpg,data/raw/acne_1024/acne1_1024/levle1_169.jpg,levle1_169.jpg,1,Level 1 (Mild),6-20 Lesions,97.02,test
data/raw/acne_1024/acne1_1024/levle1_17.jpg,data/raw/acne_1024/acne1_1024/levle1_17.jpg,levle1_17.jpg,1,Level 1 (Mild),6-20 Lesions,66.69,test
data/raw/acne_1024/acne1_1024/levle1_170.jpg,data/raw/acne_1024/acne1_1024/levle1_170.jpg,levle1_170.jpg,1,Level 1 (Mild),6-20 Lesions,113.18,val
data/raw/acne_1024/acne1_1024/levle1_171.jpg,data/raw/acne_1024/acne1_1024/levle1_171.jpg,levle1_171.jpg,1,Level 1 (Mild),6-20 Lesions,145.92,train
data/raw/acne_1024/acne1_1024/levle1_172.jpg,data/raw/acne_1024/acne1_1024/levle1_172.jpg,levle1_172.jpg,1,Level 1 (Mild),6-20 Lesions,140.22,train
data/raw/acne_1024/acne1_1024/levle1_173.jpg,data/raw/acne_1024/acne1_1024/levle1_173.jpg,levle1_173.jpg,1,Level 1 (Mild),6-20 Lesions,147.2,train
data/raw/acne_1024/acne1_1024/levle1_174.jpg,data/raw/acne_1024/acne1_1024/levle1_174.jpg,levle1_174.jpg,1,Level 1 (Mild),6-20 Lesions,153.86,val
data/raw/acne_1024/acne1_1024/levle1_175.jpg,data/raw/acne_1024/acne1_1024/levle1_175.jpg,levle1_175.jpg,1,Level 1 (Mild),6-20 Lesions,83.68,train
data/raw/acne_1024/acne1_1024/levle1_176.jpg,data/raw/acne_1024/acne1_1024/levle1_176.jpg,levle1_176.jpg,1,Level 1 (Mild),6-20 Lesions,89.11,train
data/raw/acne_1024/acne1_1024/levle1_177.jpg,data/raw/acne_1024/acne1_1024/levle1_177.jpg,levle1_177.jpg,1,Level 1 (Mild),6-20 Lesions,133.79,train
data/raw/acne_1024/acne1_1024/levle1_178.jpg,data/raw/acne_1024/acne1_1024/levle1_178.jpg,levle1_178.jpg,1,Level 1 (Mild),6-20 Lesions,156.55,train
data/raw/acne_1024/acne1_1024/levle1_179.jpg,data/raw/acne_1024/acne1_1024/levle1_179.jpg,levle1_179.jpg,1,Level 1 (Mild),6-20 Lesions,100.54,train
data/raw/acne_1024/acne1_1024/levle1_18.jpg,data/raw/acne_1024/acne1_1024/levle1_18.jpg,levle1_18.jpg,1,Level 1 (Mild),6-20 Lesions,49.71,train
data/raw/acne_1024/acne1_1024/levle1_180.jpg,data/raw/acne_1024/acne1_1024/levle1_180.jpg,levle1_180.jpg,1,Level 1 (Mild),6-20 Lesions,122.11,train
data/raw/acne_1024/acne1_1024/levle1_181.jpg,data/raw/acne_1024/acne1_1024/levle1_181.jpg,levle1_181.jpg,1,Level 1 (Mild),6-20 Lesions,126.26,train
data/raw/acne_1024/acne1_1024/levle1_182.jpg,data/raw/acne_1024/acne1_1024/levle1_182.jpg,levle1_182.jpg,1,Level 1 (Mild),6-20 Lesions,118.22,train
data/raw/acne_1024/acne1_1024/levle1_183.jpg,data/raw/acne_1024/acne1_1024/levle1_183.jpg,levle1_183.jpg,1,Level 1 (Mild),6-20 Lesions,130.16,val
data/raw/acne_1024/acne1_1024/levle1_184.jpg,data/raw/acne_1024/acne1_1024/levle1_184.jpg,levle1_184.jpg,1,Level 1 (Mild),6-20 Lesions,89.97,test
data/raw/acne_1024/acne1_1024/levle1_185.jpg,data/raw/acne_1024/acne1_1024/levle1_185.jpg,levle1_185.jpg,1,Level 1 (Mild),6-20 Lesions,89.61,train
data/raw/acne_1024/acne1_1024/levle1_186.jpg,data/raw/acne_1024/acne1_1024/levle1_186.jpg,levle1_186.jpg,1,Level 1 (Mild),6-20 Lesions,95.34,train
data/raw/acne_1024/acne1_1024/levle1_187.jpg,data/raw/acne_1024/acne1_1024/levle1_187.jpg,levle1_187.jpg,1,Level 1 (Mild),6-20 Lesions,104.53,train
data/raw/acne_1024/acne1_1024/levle1_188.jpg,data/raw/acne_1024/acne1_1024/levle1_188.jpg,levle1_188.jpg,1,Level 1 (Mild),6-20 Lesions,110.89,train
data/raw/acne_1024/acne1_1024/levle1_189.jpg,data/raw/acne_1024/acne1_1024/levle1_189.jpg,levle1_189.jpg,1,Level 1 (Mild),6-20 Lesions,133.93,test
data/raw/acne_1024/acne1_1024/levle1_19.jpg,data/raw/acne_1024/acne1_1024/levle1_19.jpg,levle1_19.jpg,1,Level 1 (Mild),6-20 Lesions,35.15,train
data/raw/acne_1024/acne1_1024/levle1_190.jpg,data/raw/acne_1024/acne1_1024/levle1_190.jpg,levle1_190.jpg,1,Level 1 (Mild),6-20 Lesions,130.54,train
data/raw/acne_1024/acne1_1024/levle1_191.jpg,data/raw/acne_1024/acne1_1024/levle1_191.jpg,levle1_191.jpg,1,Level 1 (Mild),6-20 Lesions,123.51,test
data/raw/acne_1024/acne1_1024/levle1_192.jpg,data/raw/acne_1024/acne1_1024/levle1_192.jpg,levle1_192.jpg,1,Level 1 (Mild),6-20 Lesions,127.74,val
data/raw/acne_1024/acne1_1024/levle1_193.jpg,data/raw/acne_1024/acne1_1024/levle1_193.jpg,levle1_193.jpg,1,Level 1 (Mild),6-20 Lesions,128.35,train
data/raw/acne_1024/acne1_1024/levle1_194.jpg,data/raw/acne_1024/acne1_1024/levle1_194.jpg,levle1_194.jpg,1,Level 1 (Mild),6-20 Lesions,128.3,train
data/raw/acne_1024/acne1_1024/levle1_195.jpg,data/raw/acne_1024/acne1_1024/levle1_195.jpg,levle1_195.jpg,1,Level 1 (Mild),6-20 Lesions,109.35,train
data/raw/acne_1024/acne1_1024/levle1_196.jpg,data/raw/acne_1024/acne1_1024/levle1_196.jpg,levle1_196.jpg,1,Level 1 (Mild),6-20 Lesions,119.41,train
data/raw/acne_1024/acne1_1024/levle1_197.jpg,data/raw/acne_1024/acne1_1024/levle1_197.jpg,levle1_197.jpg,1,Level 1 (Mild),6-20 Lesions,135.9,train
data/raw/acne_1024/acne1_1024/levle1_198.jpg,data/raw/acne_1024/acne1_1024/levle1_198.jpg,levle1_198.jpg,1,Level 1 (Mild),6-20 Lesions,108.32,train
data/raw/acne_1024/acne1_1024/levle1_199.jpg,data/raw/acne_1024/acne1_1024/levle1_199.jpg,levle1_199.jpg,1,Level 1 (Mild),6-20 Lesions,111.9,train
data/raw/acne_1024/acne1_1024/levle1_20.jpg,data/raw/acne_1024/acne1_1024/levle1_20.jpg,levle1_20.jpg,1,Level 1 (Mild),6-20 Lesions,112.94,train
data/raw/acne_1024/acne1_1024/levle1_200.jpg,data/raw/acne_1024/acne1_1024/levle1_200.jpg,levle1_200.jpg,1,Level 1 (Mild),6-20 Lesions,148.95,val
data/raw/acne_1024/acne1_1024/levle1_201.jpg,data/raw/acne_1024/acne1_1024/levle1_201.jpg,levle1_201.jpg,1,Level 1 (Mild),6-20 Lesions,154.98,train
data/raw/acne_1024/acne1_1024/levle1_202.jpg,data/raw/acne_1024/acne1_1024/levle1_202.jpg,levle1_202.jpg,1,Level 1 (Mild),6-20 Lesions,137.39,train
data/raw/acne_1024/acne1_1024/levle1_203.jpg,data/raw/acne_1024/acne1_1024/levle1_203.jpg,levle1_203.jpg,1,Level 1 (Mild),6-20 Lesions,143.11,train
data/raw/acne_1024/acne1_1024/levle1_204.jpg,data/raw/acne_1024/acne1_1024/levle1_204.jpg,levle1_204.jpg,1,Level 1 (Mild),6-20 Lesions,131.12,train
data/raw/acne_1024/acne1_1024/levle1_205.jpg,data/raw/acne_1024/acne1_1024/levle1_205.jpg,levle1_205.jpg,1,Level 1 (Mild),6-20 Lesions,125.12,train
data/raw/acne_1024/acne1_1024/levle1_206.jpg,data/raw/acne_1024/acne1_1024/levle1_206.jpg,levle1_206.jpg,1,Level 1 (Mild),6-20 Lesions,135.08,val
data/raw/acne_1024/acne1_1024/levle1_207.jpg,data/raw/acne_1024/acne1_1024/levle1_207.jpg,levle1_207.jpg,1,Level 1 (Mild),6-20 Lesions,102.2,train
data/raw/acne_1024/acne1_1024/levle1_208.jpg,data/raw/acne_1024/acne1_1024/levle1_208.jpg,levle1_208.jpg,1,Level 1 (Mild),6-20 Lesions,132.11,val
data/raw/acne_1024/acne1_1024/levle1_209.jpg,data/raw/acne_1024/acne1_1024/levle1_209.jpg,levle1_209.jpg,1,Level 1 (Mild),6-20 Lesions,112.54,train
data/raw/acne_1024/acne1_1024/levle1_21.jpg,data/raw/acne_1024/acne1_1024/levle1_21.jpg,levle1_21.jpg,1,Level 1 (Mild),6-20 Lesions,70.65,train
data/raw/acne_1024/acne1_1024/levle1_210.jpg,data/raw/acne_1024/acne1_1024/levle1_210.jpg,levle1_210.jpg,1,Level 1 (Mild),6-20 Lesions,92.41,train
data/raw/acne_1024/acne1_1024/levle1_211.jpg,data/raw/acne_1024/acne1_1024/levle1_211.jpg,levle1_211.jpg,1,Level 1 (Mild),6-20 Lesions,125.7,train
data/raw/acne_1024/acne1_1024/levle1_212.jpg,data/raw/acne_1024/acne1_1024/levle1_212.jpg,levle1_212.jpg,1,Level 1 (Mild),6-20 Lesions,148.85,train
data/raw/acne_1024/acne1_1024/levle1_213.jpg,data/raw/acne_1024/acne1_1024/levle1_213.jpg,levle1_213.jpg,1,Level 1 (Mild),6-20 Lesions,146.65,train
data/raw/acne_1024/acne1_1024/levle1_214.jpg,data/raw/acne_1024/acne1_1024/levle1_214.jpg,levle1_214.jpg,1,Level 1 (Mild),6-20 Lesions,108.06,train
data/raw/acne_1024/acne1_1024/levle1_215.jpg,data/raw/acne_1024/acne1_1024/levle1_215.jpg,levle1_215.jpg,1,Level 1 (Mild),6-20 Lesions,104.51,train
data/raw/acne_1024/acne1_1024/levle1_216.jpg,data/raw/acne_1024/acne1_1024/levle1_216.jpg,levle1_216.jpg,1,Level 1 (Mild),6-20 Lesions,109.06,val
data/raw/acne_1024/acne1_1024/levle1_217.jpg,data/raw/acne_1024/acne1_1024/levle1_217.jpg,levle1_217.jpg,1,Level 1 (Mild),6-20 Lesions,88.9,train
data/raw/acne_1024/acne1_1024/levle1_218.jpg,data/raw/acne_1024/acne1_1024/levle1_218.jpg,levle1_218.jpg,1,Level 1 (Mild),6-20 Lesions,110.37,train
data/raw/acne_1024/acne1_1024/levle1_219.jpg,data/raw/acne_1024/acne1_1024/levle1_219.jpg,levle1_219.jpg,1,Level 1 (Mild),6-20 Lesions,108.83,train
data/raw/acne_1024/acne1_1024/levle1_22.jpg,data/raw/acne_1024/acne1_1024/levle1_22.jpg,levle1_22.jpg,1,Level 1 (Mild),6-20 Lesions,135.4,train
data/raw/acne_1024/acne1_1024/levle1_220.jpg,data/raw/acne_1024/acne1_1024/levle1_220.jpg,levle1_220.jpg,1,Level 1 (Mild),6-20 Lesions,107.03,train
data/raw/acne_1024/acne1_1024/levle1_221.jpg,data/raw/acne_1024/acne1_1024/levle1_221.jpg,levle1_221.jpg,1,Level 1 (Mild),6-20 Lesions,84.39,test
data/raw/acne_1024/acne1_1024/levle1_222.jpg,data/raw/acne_1024/acne1_1024/levle1_222.jpg,levle1_222.jpg,1,Level 1 (Mild),6-20 Lesions,144.0,test
data/raw/acne_1024/acne1_1024/levle1_223.jpg,data/raw/acne_1024/acne1_1024/levle1_223.jpg,levle1_223.jpg,1,Level 1 (Mild),6-20 Lesions,135.5,val
data/raw/acne_1024/acne1_1024/levle1_224.jpg,data/raw/acne_1024/acne1_1024/levle1_224.jpg,levle1_224.jpg,1,Level 1 (Mild),6-20 Lesions,131.2,train
data/raw/acne_1024/acne1_1024/levle1_225.jpg,data/raw/acne_1024/acne1_1024/levle1_225.jpg,levle1_225.jpg,1,Level 1 (Mild),6-20 Lesions,123.5,train
data/raw/acne_1024/acne1_1024/levle1_226.jpg,data/raw/acne_1024/acne1_1024/levle1_226.jpg,levle1_226.jpg,1,Level 1 (Mild),6-20 Lesions,96.87,train
data/raw/acne_1024/acne1_1024/levle1_227.jpg,data/raw/acne_1024/acne1_1024/levle1_227.jpg,levle1_227.jpg,1,Level 1 (Mild),6-20 Lesions,155.21,train
data/raw/acne_1024/acne1_1024/levle1_228.jpg,data/raw/acne_1024/acne1_1024/levle1_228.jpg,levle1_228.jpg,1,Level 1 (Mild),6-20 Lesions,158.8,train
data/raw/acne_1024/acne1_1024/levle1_229.jpg,data/raw/acne_1024/acne1_1024/levle1_229.jpg,levle1_229.jpg,1,Level 1 (Mild),6-20 Lesions,91.17,train
data/raw/acne_1024/acne1_1024/levle1_23.jpg,data/raw/acne_1024/acne1_1024/levle1_23.jpg,levle1_23.jpg,1,Level 1 (Mild),6-20 Lesions,99.25,val
data/raw/acne_1024/acne1_1024/levle1_230.jpg,data/raw/acne_1024/acne1_1024/levle1_230.jpg,levle1_230.jpg,1,Level 1 (Mild),6-20 Lesions,141.57,train
data/raw/acne_1024/acne1_1024/levle1_231.jpg,data/raw/acne_1024/acne1_1024/levle1_231.jpg,levle1_231.jpg,1,Level 1 (Mild),6-20 Lesions,123.77,test
data/raw/acne_1024/acne1_1024/levle1_232.jpg,data/raw/acne_1024/acne1_1024/levle1_232.jpg,levle1_232.jpg,1,Level 1 (Mild),6-20 Lesions,121.57,val
data/raw/acne_1024/acne1_1024/levle1_233.jpg,data/raw/acne_1024/acne1_1024/levle1_233.jpg,levle1_233.jpg,1,Level 1 (Mild),6-20 Lesions,88.79,train
data/raw/acne_1024/acne1_1024/levle1_234.jpg,data/raw/acne_1024/acne1_1024/levle1_234.jpg,levle1_234.jpg,1,Level 1 (Mild),6-20 Lesions,110.37,train
data/raw/acne_1024/acne1_1024/levle1_235.jpg,data/raw/acne_1024/acne1_1024/levle1_235.jpg,levle1_235.jpg,1,Level 1 (Mild),6-20 Lesions,119.93,val
data/raw/acne_1024/acne1_1024/levle1_236.jpg,data/raw/acne_1024/acne1_1024/levle1_236.jpg,levle1_236.jpg,1,Level 1 (Mild),6-20 Lesions,124.19,test
data/raw/acne_1024/acne1_1024/levle1_237.jpg,data/raw/acne_1024/acne1_1024/levle1_237.jpg,levle1_237.jpg,1,Level 1 (Mild),6-20 Lesions,132.62,test
data/raw/acne_1024/acne1_1024/levle1_238.jpg,data/raw/acne_1024/acne1_1024/levle1_238.jpg,levle1_238.jpg,1,Level 1 (Mild),6-20 Lesions,118.74,train
data/raw/acne_1024/acne1_1024/levle1_239.jpg,data/raw/acne_1024/acne1_1024/levle1_239.jpg,levle1_239.jpg,1,Level 1 (Mild),6-20 Lesions,87.1,test
data/raw/acne_1024/acne1_1024/levle1_24.jpg,data/raw/acne_1024/acne1_1024/levle1_24.jpg,levle1_24.jpg,1,Level 1 (Mild),6-20 Lesions,63.81,train
data/raw/acne_1024/acne1_1024/levle1_240.jpg,data/raw/acne_1024/acne1_1024/levle1_240.jpg,levle1_240.jpg,1,Level 1 (Mild),6-20 Lesions,86.68,train
data/raw/acne_1024/acne1_1024/levle1_241.jpg,data/raw/acne_1024/acne1_1024/levle1_241.jpg,levle1_241.jpg,1,Level 1 (Mild),6-20 Lesions,91.74,train
data/raw/acne_1024/acne1_1024/levle1_242.jpg,data/raw/acne_1024/acne1_1024/levle1_242.jpg,levle1_242.jpg,1,Level 1 (Mild),6-20 Lesions,107.11,train
data/raw/acne_1024/acne1_1024/levle1_243.jpg,data/raw/acne_1024/acne1_1024/levle1_243.jpg,levle1_243.jpg,1,Level 1 (Mild),6-20 Lesions,126.24,train
data/raw/acne_1024/acne1_1024/levle1_244.jpg,data/raw/acne_1024/acne1_1024/levle1_244.jpg,levle1_244.jpg,1,Level 1 (Mild),6-20 Lesions,120.96,train
data/raw/acne_1024/acne1_1024/levle1_245.jpg,data/raw/acne_1024/acne1_1024/levle1_245.jpg,levle1_245.jpg,1,Level 1 (Mild),6-20 Lesions,120.53,train
data/raw/acne_1024/acne1_1024/levle1_246.jpg,data/raw/acne_1024/acne1_1024/levle1_246.jpg,levle1_246.jpg,1,Level 1 (Mild),6-20 Lesions,130.96,train
data/raw/acne_1024/acne1_1024/levle1_247.jpg,data/raw/acne_1024/acne1_1024/levle1_247.jpg,levle1_247.jpg,1,Level 1 (Mild),6-20 Lesions,139.82,test
data/raw/acne_1024/acne1_1024/levle1_248.jpg,data/raw/acne_1024/acne1_1024/levle1_248.jpg,levle1_248.jpg,1,Level 1 (Mild),6-20 Lesions,127.72,train
data/raw/acne_1024/acne1_1024/levle1_249.jpg,data/raw/acne_1024/acne1_1024/levle1_249.jpg,levle1_249.jpg,1,Level 1 (Mild),6-20 Lesions,123.82,train
data/raw/acne_1024/acne1_1024/levle1_25.jpg,data/raw/acne_1024/acne1_1024/levle1_25.jpg,levle1_25.jpg,1,Level 1 (Mild),6-20 Lesions,44.13,val
data/raw/acne_1024/acne1_1024/levle1_250.jpg,data/raw/acne_1024/acne1_1024/levle1_250.jpg,levle1_250.jpg,1,Level 1 (Mild),6-20 Lesions,128.53,test
data/raw/acne_1024/acne1_1024/levle1_251.jpg,data/raw/acne_1024/acne1_1024/levle1_251.jpg,levle1_251.jpg,1,Level 1 (Mild),6-20 Lesions,141.87,val
data/raw/acne_1024/acne1_1024/levle1_252.jpg,data/raw/acne_1024/acne1_1024/levle1_252.jpg,levle1_252.jpg,1,Level 1 (Mild),6-20 Lesions,149.6,train
data/raw/acne_1024/acne1_1024/levle1_253.jpg,data/raw/acne_1024/acne1_1024/levle1_253.jpg,levle1_253.jpg,1,Level 1 (Mild),6-20 Lesions,114.71,val
data/raw/acne_1024/acne1_1024/levle1_254.jpg,data/raw/acne_1024/acne1_1024/levle1_254.jpg,levle1_254.jpg,1,Level 1 (Mild),6-20 Lesions,126.41,val
data/raw/acne_1024/acne1_1024/levle1_257.jpg,data/raw/acne_1024/acne1_1024/levle1_257.jpg,levle1_257.jpg,1,Level 1 (Mild),6-20 Lesions,70.61,train
data/raw/acne_1024/acne1_1024/levle1_258.jpg,data/raw/acne_1024/acne1_1024/levle1_258.jpg,levle1_258.jpg,1,Level 1 (Mild),6-20 Lesions,99.54,test
data/raw/acne_1024/acne1_1024/levle1_259.jpg,data/raw/acne_1024/acne1_1024/levle1_259.jpg,levle1_259.jpg,1,Level 1 (Mild),6-20 Lesions,85.44,train
data/raw/acne_1024/acne1_1024/levle1_260.jpg,data/raw/acne_1024/acne1_1024/levle1_260.jpg,levle1_260.jpg,1,Level 1 (Mild),6-20 Lesions,82.02,train
data/raw/acne_1024/acne1_1024/levle1_261.jpg,data/raw/acne_1024/acne1_1024/levle1_261.jpg,levle1_261.jpg,1,Level 1 (Mild),6-20 Lesions,88.67,val
data/raw/acne_1024/acne1_1024/levle1_262.jpg,data/raw/acne_1024/acne1_1024/levle1_262.jpg,levle1_262.jpg,1,Level 1 (Mild),6-20 Lesions,76.64,test
data/raw/acne_1024/acne1_1024/levle1_263.jpg,data/raw/acne_1024/acne1_1024/levle1_263.jpg,levle1_263.jpg,1,Level 1 (Mild),6-20 Lesions,76.61,train
data/raw/acne_1024/acne1_1024/levle1_264.jpg,data/raw/acne_1024/acne1_1024/levle1_264.jpg,levle1_264.jpg,1,Level 1 (Mild),6-20 Lesions,84.11,train
data/raw/acne_1024/acne1_1024/levle1_265.jpg,data/raw/acne_1024/acne1_1024/levle1_265.jpg,levle1_265.jpg,1,Level 1 (Mild),6-20 Lesions,84.1,test
data/raw/acne_1024/acne1_1024/levle1_266.jpg,data/raw/acne_1024/acne1_1024/levle1_266.jpg,levle1_266.jpg,1,Level 1 (Mild),6-20 Lesions,90.08,train
data/raw/acne_1024/acne1_1024/levle1_267.jpg,data/raw/acne_1024/acne1_1024/levle1_267.jpg,levle1_267.jpg,1,Level 1 (Mild),6-20 Lesions,114.49,train
data/raw/acne_1024/acne1_1024/levle1_268.jpg,data/raw/acne_1024/acne1_1024/levle1_268.jpg,levle1_268.jpg,1,Level 1 (Mild),6-20 Lesions,113.63,test
data/raw/acne_1024/acne1_1024/levle1_269.jpg,data/raw/acne_1024/acne1_1024/levle1_269.jpg,levle1_269.jpg,1,Level 1 (Mild),6-20 Lesions,101.85,train
data/raw/acne_1024/acne1_1024/levle1_270.jpg,data/raw/acne_1024/acne1_1024/levle1_270.jpg,levle1_270.jpg,1,Level 1 (Mild),6-20 Lesions,143.23,test
data/raw/acne_1024/acne1_1024/levle1_271.jpg,data/raw/acne_1024/acne1_1024/levle1_271.jpg,levle1_271.jpg,1,Level 1 (Mild),6-20 Lesions,103.23,train
data/raw/acne_1024/acne1_1024/levle1_272.jpg,data/raw/acne_1024/acne1_1024/levle1_272.jpg,levle1_272.jpg,1,Level 1 (Mild),6-20 Lesions,142.36,train
data/raw/acne_1024/acne1_1024/levle1_273.jpg,data/raw/acne_1024/acne1_1024/levle1_273.jpg,levle1_273.jpg,1,Level 1 (Mild),6-20 Lesions,130.95,train
data/raw/acne_1024/acne1_1024/levle1_274.jpg,data/raw/acne_1024/acne1_1024/levle1_274.jpg,levle1_274.jpg,1,Level 1 (Mild),6-20 Lesions,112.82,val
data/raw/acne_1024/acne1_1024/levle1_275.jpg,data/raw/acne_1024/acne1_1024/levle1_275.jpg,levle1_275.jpg,1,Level 1 (Mild),6-20 Lesions,90.8,train
data/raw/acne_1024/acne1_1024/levle1_276.jpg,data/raw/acne_1024/acne1_1024/levle1_276.jpg,levle1_276.jpg,1,Level 1 (Mild),6-20 Lesions,128.64,train
data/raw/acne_1024/acne1_1024/levle1_277.jpg,data/raw/acne_1024/acne1_1024/levle1_277.jpg,levle1_277.jpg,1,Level 1 (Mild),6-20 Lesions,160.53,train
data/raw/acne_1024/acne1_1024/levle1_278.jpg,data/raw/acne_1024/acne1_1024/levle1_278.jpg,levle1_278.jpg,1,Level 1 (Mild),6-20 Lesions,133.16,val
data/raw/acne_1024/acne1_1024/levle1_279.jpg,data/raw/acne_1024/acne1_1024/levle1_279.jpg,levle1_279.jpg,1,Level 1 (Mild),6-20 Lesions,115.19,test
data/raw/acne_1024/acne1_1024/levle1_28.jpg,data/raw/acne_1024/acne1_1024/levle1_28.jpg,levle1_28.jpg,1,Level 1 (Mild),6-20 Lesions,87.76,test
data/raw/acne_1024/acne1_1024/levle1_280.jpg,data/raw/acne_1024/acne1_1024/levle1_280.jpg,levle1_280.jpg,1,Level 1 (Mild),6-20 Lesions,148.73,train
data/raw/acne_1024/acne1_1024/levle1_281.jpg,data/raw/acne_1024/acne1_1024/levle1_281.jpg,levle1_281.jpg,1,Level 1 (Mild),6-20 Lesions,145.7,test
data/raw/acne_1024/acne1_1024/levle1_282.jpg,data/raw/acne_1024/acne1_1024/levle1_282.jpg,levle1_282.jpg,1,Level 1 (Mild),6-20 Lesions,152.23,train
data/raw/acne_1024/acne1_1024/levle1_283.jpg,data/raw/acne_1024/acne1_1024/levle1_283.jpg,levle1_283.jpg,1,Level 1 (Mild),6-20 Lesions,153.55,test
data/raw/acne_1024/acne1_1024/levle1_284.jpg,data/raw/acne_1024/acne1_1024/levle1_284.jpg,levle1_284.jpg,1,Level 1 (Mild),6-20 Lesions,159.61,train
data/raw/acne_1024/acne1_1024/levle1_285.jpg,data/raw/acne_1024/acne1_1024/levle1_285.jpg,levle1_285.jpg,1,Level 1 (Mild),6-20 Lesions,141.26,train
data/raw/acne_1024/acne1_1024/levle1_286.jpg,data/raw/acne_1024/acne1_1024/levle1_286.jpg,levle1_286.jpg,1,Level 1 (Mild),6-20 Lesions,153.84,train
data/raw/acne_1024/acne1_1024/levle1_287.jpg,data/raw/acne_1024/acne1_1024/levle1_287.jpg,levle1_287.jpg,1,Level 1 (Mild),6-20 Lesions,147.85,train
data/raw/acne_1024/acne1_1024/levle1_288.jpg,data/raw/acne_1024/acne1_1024/levle1_288.jpg,levle1_288.jpg,1,Level 1 (Mild),6-20 Lesions,169.31,train
data/raw/acne_1024/acne1_1024/levle1_289.jpg,data/raw/acne_1024/acne1_1024/levle1_289.jpg,levle1_289.jpg,1,Level 1 (Mild),6-20 Lesions,164.1,val
data/raw/acne_1024/acne1_1024/levle1_29.jpg,data/raw/acne_1024/acne1_1024/levle1_29.jpg,levle1_29.jpg,1,Level 1 (Mild),6-20 Lesions,88.58,test
data/raw/acne_1024/acne1_1024/levle1_290.jpg,data/raw/acne_1024/acne1_1024/levle1_290.jpg,levle1_290.jpg,1,Level 1 (Mild),6-20 Lesions,174.78,train
data/raw/acne_1024/acne1_1024/levle1_291.jpg,data/raw/acne_1024/acne1_1024/levle1_291.jpg,levle1_291.jpg,1,Level 1 (Mild),6-20 Lesions,154.0,train
data/raw/acne_1024/acne1_1024/levle1_292.jpg,data/raw/acne_1024/acne1_1024/levle1_292.jpg,levle1_292.jpg,1,Level 1 (Mild),6-20 Lesions,167.92,train
data/raw/acne_1024/acne1_1024/levle1_293.jpg,data/raw/acne_1024/acne1_1024/levle1_293.jpg,levle1_293.jpg,1,Level 1 (Mild),6-20 Lesions,113.48,train
data/raw/acne_1024/acne1_1024/levle1_294.jpg,data/raw/acne_1024/acne1_1024/levle1_294.jpg,levle1_294.jpg,1,Level 1 (Mild),6-20 Lesions,119.95,train
data/raw/acne_1024/acne1_1024/levle1_295.jpg,data/raw/acne_1024/acne1_1024/levle1_295.jpg,levle1_295.jpg,1,Level 1 (Mild),6-20 Lesions,72.57,train
data/raw/acne_1024/acne1_1024/levle1_296.jpg,data/raw/acne_1024/acne1_1024/levle1_296.jpg,levle1_296.jpg,1,Level 1 (Mild),6-20 Lesions,79.09,train
data/raw/acne_1024/acne1_1024/levle1_297.jpg,data/raw/acne_1024/acne1_1024/levle1_297.jpg,levle1_297.jpg,1,Level 1 (Mild),6-20 Lesions,72.77,train
data/raw/acne_1024/acne1_1024/levle1_298.jpg,data/raw/acne_1024/acne1_1024/levle1_298.jpg,levle1_298.jpg,1,Level 1 (Mild),6-20 Lesions,88.75,train
data/raw/acne_1024/acne1_1024/levle1_299.jpg,data/raw/acne_1024/acne1_1024/levle1_299.jpg,levle1_299.jpg,1,Level 1 (Mild),6-20 Lesions,106.66,test
data/raw/acne_1024/acne1_1024/levle1_30.jpg,data/raw/acne_1024/acne1_1024/levle1_30.jpg,levle1_30.jpg,1,Level 1 (Mild),6-20 Lesions,115.07,train
data/raw/acne_1024/acne1_1024/levle1_300.jpg,data/raw/acne_1024/acne1_1024/levle1_300.jpg,levle1_300.jpg,1,Level 1 (Mild),6-20 Lesions,110.63,test
data/raw/acne_1024/acne1_1024/levle1_301.jpg,data/raw/acne_1024/acne1_1024/levle1_301.jpg,levle1_301.jpg,1,Level 1 (Mild),6-20 Lesions,123.86,train
data/raw/acne_1024/acne1_1024/levle1_302.jpg,data/raw/acne_1024/acne1_1024/levle1_302.jpg,levle1_302.jpg,1,Level 1 (Mild),6-20 Lesions,136.78,val
data/raw/acne_1024/acne1_1024/levle1_303.jpg,data/raw/acne_1024/acne1_1024/levle1_303.jpg,levle1_303.jpg,1,Level 1 (Mild),6-20 Lesions,144.86,train
data/raw/acne_1024/acne1_1024/levle1_304.jpg,data/raw/acne_1024/acne1_1024/levle1_304.jpg,levle1_304.jpg,1,Level 1 (Mild),6-20 Lesions,129.84,train
data/raw/acne_1024/acne1_1024/levle1_305.jpg,data/raw/acne_1024/acne1_1024/levle1_305.jpg,levle1_305.jpg,1,Level 1 (Mild),6-20 Lesions,108.2,val
data/raw/acne_1024/acne1_1024/levle1_306.jpg,data/raw/acne_1024/acne1_1024/levle1_306.jpg,levle1_306.jpg,1,Level 1 (Mild),6-20 Lesions,170.09,train
data/raw/acne_1024/acne1_1024/levle1_307.jpg,data/raw/acne_1024/acne1_1024/levle1_307.jpg,levle1_307.jpg,1,Level 1 (Mild),6-20 Lesions,118.77,train
data/raw/acne_1024/acne1_1024/levle1_308.jpg,data/raw/acne_1024/acne1_1024/levle1_308.jpg,levle1_308.jpg,1,Level 1 (Mild),6-20 Lesions,121.58,val
data/raw/acne_1024/acne1_1024/levle1_309.jpg,data/raw/acne_1024/acne1_1024/levle1_309.jpg,levle1_309.jpg,1,Level 1 (Mild),6-20 Lesions,92.46,train
data/raw/acne_1024/acne1_1024/levle1_31.jpg,data/raw/acne_1024/acne1_1024/levle1_31.jpg,levle1_31.jpg,1,Level 1 (Mild),6-20 Lesions,123.8,train
data/raw/acne_1024/acne1_1024/levle1_310.jpg,data/raw/acne_1024/acne1_1024/levle1_310.jpg,levle1_310.jpg,1,Level 1 (Mild),6-20 Lesions,94.73,train
data/raw/acne_1024/acne1_1024/levle1_311.jpg,data/raw/acne_1024/acne1_1024/levle1_311.jpg,levle1_311.jpg,1,Level 1 (Mild),6-20 Lesions,132.38,val
data/raw/acne_1024/acne1_1024/levle1_312.jpg,data/raw/acne_1024/acne1_1024/levle1_312.jpg,levle1_312.jpg,1,Level 1 (Mild),6-20 Lesions,128.61,train
data/raw/acne_1024/acne1_1024/levle1_313.jpg,data/raw/acne_1024/acne1_1024/levle1_313.jpg,levle1_313.jpg,1,Level 1 (Mild),6-20 Lesions,111.97,test
data/raw/acne_1024/acne1_1024/levle1_314.jpg,data/raw/acne_1024/acne1_1024/levle1_314.jpg,levle1_314.jpg,1,Level 1 (Mild),6-20 Lesions,102.37,val
data/raw/acne_1024/acne1_1024/levle1_315.jpg,data/raw/acne_1024/acne1_1024/levle1_315.jpg,levle1_315.jpg,1,Level 1 (Mild),6-20 Lesions,168.03,train
data/raw/acne_1024/acne1_1024/levle1_316.jpg,data/raw/acne_1024/acne1_1024/levle1_316.jpg,levle1_316.jpg,1,Level 1 (Mild),6-20 Lesions,157.7,train
data/raw/acne_1024/acne1_1024/levle1_317.jpg,data/raw/acne_1024/acne1_1024/levle1_317.jpg,levle1_317.jpg,1,Level 1 (Mild),6-20 Lesions,140.43,val
data/raw/acne_1024/acne1_1024/levle1_318.jpg,data/raw/acne_1024/acne1_1024/levle1_318.jpg,levle1_318.jpg,1,Level 1 (Mild),6-20 Lesions,97.52,train
data/raw/acne_1024/acne1_1024/levle1_319.jpg,data/raw/acne_1024/acne1_1024/levle1_319.jpg,levle1_319.jpg,1,Level 1 (Mild),6-20 Lesions,140.1,test
data/raw/acne_1024/acne1_1024/levle1_32.jpg,data/raw/acne_1024/acne1_1024/levle1_32.jpg,levle1_32.jpg,1,Level 1 (Mild),6-20 Lesions,131.14,train
data/raw/acne_1024/acne1_1024/levle1_320.jpg,data/raw/acne_1024/acne1_1024/levle1_320.jpg,levle1_320.jpg,1,Level 1 (Mild),6-20 Lesions,122.9,train
data/raw/acne_1024/acne1_1024/levle1_321.jpg,data/raw/acne_1024/acne1_1024/levle1_321.jpg,levle1_321.jpg,1,Level 1 (Mild),6-20 Lesions,165.28,train
data/raw/acne_1024/acne1_1024/levle1_322.jpg,data/raw/acne_1024/acne1_1024/levle1_322.jpg,levle1_322.jpg,1,Level 1 (Mild),6-20 Lesions,119.59,train
data/raw/acne_1024/acne1_1024/levle1_323.jpg,data/raw/acne_1024/acne1_1024/levle1_323.jpg,levle1_323.jpg,1,Level 1 (Mild),6-20 Lesions,110.58,train
data/raw/acne_1024/acne1_1024/levle1_324.jpg,data/raw/acne_1024/acne1_1024/levle1_324.jpg,levle1_324.jpg,1,Level 1 (Mild),6-20 Lesions,113.29,train
data/raw/acne_1024/acne1_1024/levle1_325.jpg,data/raw/acne_1024/acne1_1024/levle1_325.jpg,levle1_325.jpg,1,Level 1 (Mild),6-20 Lesions,121.24,val
data/raw/acne_1024/acne1_1024/levle1_326.jpg,data/raw/acne_1024/acne1_1024/levle1_326.jpg,levle1_326.jpg,1,Level 1 (Mild),6-20 Lesions,112.02,train
data/raw/acne_1024/acne1_1024/levle1_327.jpg,data/raw/acne_1024/acne1_1024/levle1_327.jpg,levle1_327.jpg,1,Level 1 (Mild),6-20 Lesions,113.24,train
data/raw/acne_1024/acne1_1024/levle1_328.jpg,data/raw/acne_1024/acne1_1024/levle1_328.jpg,levle1_328.jpg,1,Level 1 (Mild),6-20 Lesions,110.42,train
data/raw/acne_1024/acne1_1024/levle1_329.jpg,data/raw/acne_1024/acne1_1024/levle1_329.jpg,levle1_329.jpg,1,Level 1 (Mild),6-20 Lesions,112.38,train
data/raw/acne_1024/acne1_1024/levle1_33.jpg,data/raw/acne_1024/acne1_1024/levle1_33.jpg,levle1_33.jpg,1,Level 1 (Mild),6-20 Lesions,136.15,train
data/raw/acne_1024/acne1_1024/levle1_330.jpg,data/raw/acne_1024/acne1_1024/levle1_330.jpg,levle1_330.jpg,1,Level 1 (Mild),6-20 Lesions,134.04,train
data/raw/acne_1024/acne1_1024/levle1_331.jpg,data/raw/acne_1024/acne1_1024/levle1_331.jpg,levle1_331.jpg,1,Level 1 (Mild),6-20 Lesions,142.08,train
data/raw/acne_1024/acne1_1024/levle1_332.jpg,data/raw/acne_1024/acne1_1024/levle1_332.jpg,levle1_332.jpg,1,Level 1 (Mild),6-20 Lesions,151.67,train
data/raw/acne_1024/acne1_1024/levle1_333.jpg,data/raw/acne_1024/acne1_1024/levle1_333.jpg,levle1_333.jpg,1,Level 1 (Mild),6-20 Lesions,132.12,train
data/raw/acne_1024/acne1_1024/levle1_334.jpg,data/raw/acne_1024/acne1_1024/levle1_334.jpg,levle1_334.jpg,1,Level 1 (Mild),6-20 Lesions,109.34,val
data/raw/acne_1024/acne1_1024/levle1_335.jpg,data/raw/acne_1024/acne1_1024/levle1_335.jpg,levle1_335.jpg,1,Level 1 (Mild),6-20 Lesions,106.49,test
data/raw/acne_1024/acne1_1024/levle1_336.jpg,data/raw/acne_1024/acne1_1024/levle1_336.jpg,levle1_336.jpg,1,Level 1 (Mild),6-20 Lesions,128.92,train
data/raw/acne_1024/acne1_1024/levle1_337.jpg,data/raw/acne_1024/acne1_1024/levle1_337.jpg,levle1_337.jpg,1,Level 1 (Mild),6-20 Lesions,116.3,train
data/raw/acne_1024/acne1_1024/levle1_338.jpg,data/raw/acne_1024/acne1_1024/levle1_338.jpg,levle1_338.jpg,1,Level 1 (Mild),6-20 Lesions,118.1,train
data/raw/acne_1024/acne1_1024/levle1_339.jpg,data/raw/acne_1024/acne1_1024/levle1_339.jpg,levle1_339.jpg,1,Level 1 (Mild),6-20 Lesions,118.34,train
data/raw/acne_1024/acne1_1024/levle1_34.jpg,data/raw/acne_1024/acne1_1024/levle1_34.jpg,levle1_34.jpg,1,Level 1 (Mild),6-20 Lesions,122.35,val
data/raw/acne_1024/acne1_1024/levle1_340.jpg,data/raw/acne_1024/acne1_1024/levle1_340.jpg,levle1_340.jpg,1,Level 1 (Mild),6-20 Lesions,90.08,val
data/raw/acne_1024/acne1_1024/levle1_341.jpg,data/raw/acne_1024/acne1_1024/levle1_341.jpg,levle1_341.jpg,1,Level 1 (Mild),6-20 Lesions,113.66,train
data/raw/acne_1024/acne1_1024/levle1_342.jpg,data/raw/acne_1024/acne1_1024/levle1_342.jpg,levle1_342.jpg,1,Level 1 (Mild),6-20 Lesions,135.85,train
data/raw/acne_1024/acne1_1024/levle1_343.jpg,data/raw/acne_1024/acne1_1024/levle1_343.jpg,levle1_343.jpg,1,Level 1 (Mild),6-20 Lesions,128.59,train
data/raw/acne_1024/acne1_1024/levle1_344.jpg,data/raw/acne_1024/acne1_1024/levle1_344.jpg,levle1_344.jpg,1,Level 1 (Mild),6-20 Lesions,99.66,train
data/raw/acne_1024/acne1_1024/levle1_345.jpg,data/raw/acne_1024/acne1_1024/levle1_345.jpg,levle1_345.jpg,1,Level 1 (Mild),6-20 Lesions,114.42,train
data/raw/acne_1024/acne1_1024/levle1_346.jpg,data/raw/acne_1024/acne1_1024/levle1_346.jpg,levle1_346.jpg,1,Level 1 (Mild),6-20 Lesions,92.15,val
data/raw/acne_1024/acne1_1024/levle1_347.jpg,data/raw/acne_1024/acne1_1024/levle1_347.jpg,levle1_347.jpg,1,Level 1 (Mild),6-20 Lesions,138.55,train
data/raw/acne_1024/acne1_1024/levle1_348.jpg,data/raw/acne_1024/acne1_1024/levle1_348.jpg,levle1_348.jpg,1,Level 1 (Mild),6-20 Lesions,120.07,train
data/raw/acne_1024/acne1_1024/levle1_349.jpg,data/raw/acne_1024/acne1_1024/levle1_349.jpg,levle1_349.jpg,1,Level 1 (Mild),6-20 Lesions,123.24,test
data/raw/acne_1024/acne1_1024/levle1_35.jpg,data/raw/acne_1024/acne1_1024/levle1_35.jpg,levle1_35.jpg,1,Level 1 (Mild),6-20 Lesions,106.41,train
data/raw/acne_1024/acne1_1024/levle1_350.jpg,data/raw/acne_1024/acne1_1024/levle1_350.jpg,levle1_350.jpg,1,Level 1 (Mild),6-20 Lesions,163.92,train
data/raw/acne_1024/acne1_1024/levle1_351.jpg,data/raw/acne_1024/acne1_1024/levle1_351.jpg,levle1_351.jpg,1,Level 1 (Mild),6-20 Lesions,147.67,train
data/raw/acne_1024/acne1_1024/levle1_352.jpg,data/raw/acne_1024/acne1_1024/levle1_352.jpg,levle1_352.jpg,1,Level 1 (Mild),6-20 Lesions,149.76,train
data/raw/acne_1024/acne1_1024/levle1_353.jpg,data/raw/acne_1024/acne1_1024/levle1_353.jpg,levle1_353.jpg,1,Level 1 (Mild),6-20 Lesions,158.49,test
data/raw/acne_1024/acne1_1024/levle1_354.jpg,data/raw/acne_1024/acne1_1024/levle1_354.jpg,levle1_354.jpg,1,Level 1 (Mild),6-20 Lesions,157.25,train
data/raw/acne_1024/acne1_1024/levle1_355.jpg,data/raw/acne_1024/acne1_1024/levle1_355.jpg,levle1_355.jpg,1,Level 1 (Mild),6-20 Lesions,103.35,val
data/raw/acne_1024/acne1_1024/levle1_356.jpg,data/raw/acne_1024/acne1_1024/levle1_356.jpg,levle1_356.jpg,1,Level 1 (Mild),6-20 Lesions,87.9,train
data/raw/acne_1024/acne1_1024/levle1_357.jpg,data/raw/acne_1024/acne1_1024/levle1_357.jpg,levle1_357.jpg,1,Level 1 (Mild),6-20 Lesions,98.64,test
data/raw/acne_1024/acne1_1024/levle1_358.jpg,data/raw/acne_1024/acne1_1024/levle1_358.jpg,levle1_358.jpg,1,Level 1 (Mild),6-20 Lesions,85.9,train
data/raw/acne_1024/acne1_1024/levle1_359.jpg,data/raw/acne_1024/acne1_1024/levle1_359.jpg,levle1_359.jpg,1,Level 1 (Mild),6-20 Lesions,97.18,test
data/raw/acne_1024/acne1_1024/levle1_36.jpg,data/raw/acne_1024/acne1_1024/levle1_36.jpg,levle1_36.jpg,1,Level 1 (Mild),6-20 Lesions,118.46,train
data/raw/acne_1024/acne1_1024/levle1_360.jpg,data/raw/acne_1024/acne1_1024/levle1_360.jpg,levle1_360.jpg,1,Level 1 (Mild),6-20 Lesions,104.19,train
data/raw/acne_1024/acne1_1024/levle1_361.jpg,data/raw/acne_1024/acne1_1024/levle1_361.jpg,levle1_361.jpg,1,Level 1 (Mild),6-20 Lesions,116.78,train
data/raw/acne_1024/acne1_1024/levle1_362.jpg,data/raw/acne_1024/acne1_1024/levle1_362.jpg,levle1_362.jpg,1,Level 1 (Mild),6-20 Lesions,110.5,train
data/raw/acne_1024/acne1_1024/levle1_363.jpg,data/raw/acne_1024/acne1_1024/levle1_363.jpg,levle1_363.jpg,1,Level 1 (Mild),6-20 Lesions,119.67,train
data/raw/acne_1024/acne1_1024/levle1_364.jpg,data/raw/acne_1024/acne1_1024/levle1_364.jpg,levle1_364.jpg,1,Level 1 (Mild),6-20 Lesions,103.83,val
data/raw/acne_1024/acne1_1024/levle1_365.jpg,data/raw/acne_1024/acne1_1024/levle1_365.jpg,levle1_365.jpg,1,Level 1 (Mild),6-20 Lesions,113.05,train
data/raw/acne_1024/acne1_1024/levle1_366.jpg,data/raw/acne_1024/acne1_1024/levle1_366.jpg,levle1_366.jpg,1,Level 1 (Mild),6-20 Lesions,111.92,train
data/raw/acne_1024/acne1_1024/levle1_367.jpg,data/raw/acne_1024/acne1_1024/levle1_367.jpg,levle1_367.jpg,1,Level 1 (Mild),6-20 Lesions,111.98,train
data/raw/acne_1024/acne1_1024/levle1_368.jpg,data/raw/acne_1024/acne1_1024/levle1_368.jpg,levle1_368.jpg,1,Level 1 (Mild),6-20 Lesions,112.66,train
data/raw/acne_1024/acne1_1024/levle1_369.jpg,data/raw/acne_1024/acne1_1024/levle1_369.jpg,levle1_369.jpg,1,Level 1 (Mild),6-20 Lesions,108.19,train
data/raw/acne_1024/acne1_1024/levle1_37.jpg,data/raw/acne_1024/acne1_1024/levle1_37.jpg,levle1_37.jpg,1,Level 1 (Mild),6-20 Lesions,110.69,train
data/raw/acne_1024/acne1_1024/levle1_370.jpg,data/raw/acne_1024/acne1_1024/levle1_370.jpg,levle1_370.jpg,1,Level 1 (Mild),6-20 Lesions,123.01,test
data/raw/acne_1024/acne1_1024/levle1_371.jpg,data/raw/acne_1024/acne1_1024/levle1_371.jpg,levle1_371.jpg,1,Level 1 (Mild),6-20 Lesions,141.56,train
data/raw/acne_1024/acne1_1024/levle1_372.jpg,data/raw/acne_1024/acne1_1024/levle1_372.jpg,levle1_372.jpg,1,Level 1 (Mild),6-20 Lesions,105.11,train
data/raw/acne_1024/acne1_1024/levle1_373.jpg,data/raw/acne_1024/acne1_1024/levle1_373.jpg,levle1_373.jpg,1,Level 1 (Mild),6-20 Lesions,106.8,train
data/raw/acne_1024/acne1_1024/levle1_374.jpg,data/raw/acne_1024/acne1_1024/levle1_374.jpg,levle1_374.jpg,1,Level 1 (Mild),6-20 Lesions,166.44,train
data/raw/acne_1024/acne1_1024/levle1_375.jpg,data/raw/acne_1024/acne1_1024/levle1_375.jpg,levle1_375.jpg,1,Level 1 (Mild),6-20 Lesions,143.69,train
data/raw/acne_1024/acne1_1024/levle1_376.jpg,data/raw/acne_1024/acne1_1024/levle1_376.jpg,levle1_376.jpg,1,Level 1 (Mild),6-20 Lesions,161.35,train
data/raw/acne_1024/acne1_1024/levle1_377.jpg,data/raw/acne_1024/acne1_1024/levle1_377.jpg,levle1_377.jpg,1,Level 1 (Mild),6-20 Lesions,138.31,train
data/raw/acne_1024/acne1_1024/levle1_378.jpg,data/raw/acne_1024/acne1_1024/levle1_378.jpg,levle1_378.jpg,1,Level 1 (Mild),6-20 Lesions,138.67,train
data/raw/acne_1024/acne1_1024/levle1_379.jpg,data/raw/acne_1024/acne1_1024/levle1_379.jpg,levle1_379.jpg,1,Level 1 (Mild),6-20 Lesions,143.71,val
data/raw/acne_1024/acne1_1024/levle1_38.jpg,data/raw/acne_1024/acne1_1024/levle1_38.jpg,levle1_38.jpg,1,Level 1 (Mild),6-20 Lesions,105.27,val
data/raw/acne_1024/acne1_1024/levle1_380.jpg,data/raw/acne_1024/acne1_1024/levle1_380.jpg,levle1_380.jpg,1,Level 1 (Mild),6-20 Lesions,135.64,val
data/raw/acne_1024/acne1_1024/levle1_381.jpg,data/raw/acne_1024/acne1_1024/levle1_381.jpg,levle1_381.jpg,1,Level 1 (Mild),6-20 Lesions,95.42,train
data/raw/acne_1024/acne1_1024/levle1_382.jpg,data/raw/acne_1024/acne1_1024/levle1_382.jpg,levle1_382.jpg,1,Level 1 (Mild),6-20 Lesions,125.81,val
data/raw/acne_1024/acne1_1024/levle1_383.jpg,data/raw/acne_1024/acne1_1024/levle1_383.jpg,levle1_383.jpg,1,Level 1 (Mild),6-20 Lesions,128.74,train
data/raw/acne_1024/acne1_1024/levle1_384.jpg,data/raw/acne_1024/acne1_1024/levle1_384.jpg,levle1_384.jpg,1,Level 1 (Mild),6-20 Lesions,144.65,train
data/raw/acne_1024/acne1_1024/levle1_385.jpg,data/raw/acne_1024/acne1_1024/levle1_385.jpg,levle1_385.jpg,1,Level 1 (Mild),6-20 Lesions,126.83,train
data/raw/acne_1024/acne1_1024/levle1_386.jpg,data/raw/acne_1024/acne1_1024/levle1_386.jpg,levle1_386.jpg,1,Level 1 (Mild),6-20 Lesions,126.65,train
data/raw/acne_1024/acne1_1024/levle1_387.jpg,data/raw/acne_1024/acne1_1024/levle1_387.jpg,levle1_387.jpg,1,Level 1 (Mild),6-20 Lesions,143.44,train
data/raw/acne_1024/acne1_1024/levle1_388.jpg,data/raw/acne_1024/acne1_1024/levle1_388.jpg,levle1_388.jpg,1,Level 1 (Mild),6-20 Lesions,145.15,train
data/raw/acne_1024/acne1_1024/levle1_389.jpg,data/raw/acne_1024/acne1_1024/levle1_389.jpg,levle1_389.jpg,1,Level 1 (Mild),6-20 Lesions,116.21,val
data/raw/acne_1024/acne1_1024/levle1_39.jpg,data/raw/acne_1024/acne1_1024/levle1_39.jpg,levle1_39.jpg,1,Level 1 (Mild),6-20 Lesions,106.84,train
data/raw/acne_1024/acne1_1024/levle1_390.jpg,data/raw/acne_1024/acne1_1024/levle1_390.jpg,levle1_390.jpg,1,Level 1 (Mild),6-20 Lesions,144.6,train
data/raw/acne_1024/acne1_1024/levle1_391.jpg,data/raw/acne_1024/acne1_1024/levle1_391.jpg,levle1_391.jpg,1,Level 1 (Mild),6-20 Lesions,117.1,train
data/raw/acne_1024/acne1_1024/levle1_392.jpg,data/raw/acne_1024/acne1_1024/levle1_392.jpg,levle1_392.jpg,1,Level 1 (Mild),6-20 Lesions,96.95,train
data/raw/acne_1024/acne1_1024/levle1_393.jpg,data/raw/acne_1024/acne1_1024/levle1_393.jpg,levle1_393.jpg,1,Level 1 (Mild),6-20 Lesions,115.55,val
data/raw/acne_1024/acne1_1024/levle1_394.jpg,data/raw/acne_1024/acne1_1024/levle1_394.jpg,levle1_394.jpg,1,Level 1 (Mild),6-20 Lesions,64.73,train
data/raw/acne_1024/acne1_1024/levle1_395.jpg,data/raw/acne_1024/acne1_1024/levle1_395.jpg,levle1_395.jpg,1,Level 1 (Mild),6-20 Lesions,68.6,train
data/raw/acne_1024/acne1_1024/levle1_396.jpg,data/raw/acne_1024/acne1_1024/levle1_396.jpg,levle1_396.jpg,1,Level 1 (Mild),6-20 Lesions,68.31,train
data/raw/acne_1024/acne1_1024/levle1_397.jpg,data/raw/acne_1024/acne1_1024/levle1_397.jpg,levle1_397.jpg,1,Level 1 (Mild),6-20 Lesions,69.1,train
data/raw/acne_1024/acne1_1024/levle1_398.jpg,data/raw/acne_1024/acne1_1024/levle1_398.jpg,levle1_398.jpg,1,Level 1 (Mild),6-20 Lesions,82.61,train
data/raw/acne_1024/acne1_1024/levle1_399.jpg,data/raw/acne_1024/acne1_1024/levle1_399.jpg,levle1_399.jpg,1,Level 1 (Mild),6-20 Lesions,86.56,train
data/raw/acne_1024/acne1_1024/levle1_40.jpg,data/raw/acne_1024/acne1_1024/levle1_40.jpg,levle1_40.jpg,1,Level 1 (Mild),6-20 Lesions,132.26,train
data/raw/acne_1024/acne1_1024/levle1_400.jpg,data/raw/acne_1024/acne1_1024/levle1_400.jpg,levle1_400.jpg,1,Level 1 (Mild),6-20 Lesions,96.67,test
data/raw/acne_1024/acne1_1024/levle1_401.jpg,data/raw/acne_1024/acne1_1024/levle1_401.jpg,levle1_401.jpg,1,Level 1 (Mild),6-20 Lesions,144.32,train
data/raw/acne_1024/acne1_1024/levle1_402.jpg,data/raw/acne_1024/acne1_1024/levle1_402.jpg,levle1_402.jpg,1,Level 1 (Mild),6-20 Lesions,142.24,val
data/raw/acne_1024/acne1_1024/levle1_403.jpg,data/raw/acne_1024/acne1_1024/levle1_403.jpg,levle1_403.jpg,1,Level 1 (Mild),6-20 Lesions,111.17,train
data/raw/acne_1024/acne1_1024/levle1_404.jpg,data/raw/acne_1024/acne1_1024/levle1_404.jpg,levle1_404.jpg,1,Level 1 (Mild),6-20 Lesions,107.36,train
data/raw/acne_1024/acne1_1024/levle1_405.jpg,data/raw/acne_1024/acne1_1024/levle1_405.jpg,levle1_405.jpg,1,Level 1 (Mild),6-20 Lesions,140.45,test
data/raw/acne_1024/acne1_1024/levle1_406.jpg,data/raw/acne_1024/acne1_1024/levle1_406.jpg,levle1_406.jpg,1,Level 1 (Mild),6-20 Lesions,154.29,train
data/raw/acne_1024/acne1_1024/levle1_407.jpg,data/raw/acne_1024/acne1_1024/levle1_407.jpg,levle1_407.jpg,1,Level 1 (Mild),6-20 Lesions,135.98,train
data/raw/acne_1024/acne1_1024/levle1_408.jpg,data/raw/acne_1024/acne1_1024/levle1_408.jpg,levle1_408.jpg,1,Level 1 (Mild),6-20 Lesions,137.37,train
data/raw/acne_1024/acne1_1024/levle1_409.jpg,data/raw/acne_1024/acne1_1024/levle1_409.jpg,levle1_409.jpg,1,Level 1 (Mild),6-20 Lesions,121.21,train
data/raw/acne_1024/acne1_1024/levle1_41.jpg,data/raw/acne_1024/acne1_1024/levle1_41.jpg,levle1_41.jpg,1,Level 1 (Mild),6-20 Lesions,126.97,train
data/raw/acne_1024/acne1_1024/levle1_410.jpg,data/raw/acne_1024/acne1_1024/levle1_410.jpg,levle1_410.jpg,1,Level 1 (Mild),6-20 Lesions,117.61,val
data/raw/acne_1024/acne1_1024/levle1_411.jpg,data/raw/acne_1024/acne1_1024/levle1_411.jpg,levle1_411.jpg,1,Level 1 (Mild),6-20 Lesions,121.83,train
data/raw/acne_1024/acne1_1024/levle1_412.jpg,data/raw/acne_1024/acne1_1024/levle1_412.jpg,levle1_412.jpg,1,Level 1 (Mild),6-20 Lesions,115.72,train
data/raw/acne_1024/acne1_1024/levle1_413.jpg,data/raw/acne_1024/acne1_1024/levle1_413.jpg,levle1_413.jpg,1,Level 1 (Mild),6-20 Lesions,123.58,test
data/raw/acne_1024/acne1_1024/levle1_414.jpg,data/raw/acne_1024/acne1_1024/levle1_414.jpg,levle1_414.jpg,1,Level 1 (Mild),6-20 Lesions,96.1,train
data/raw/acne_1024/acne1_1024/levle1_415.jpg,data/raw/acne_1024/acne1_1024/levle1_415.jpg,levle1_415.jpg,1,Level 1 (Mild),6-20 Lesions,112.9,train
data/raw/acne_1024/acne1_1024/levle1_416.jpg,data/raw/acne_1024/acne1_1024/levle1_416.jpg,levle1_416.jpg,1,Level 1 (Mild),6-20 Lesions,131.32,val
data/raw/acne_1024/acne1_1024/levle1_417.jpg,data/raw/acne_1024/acne1_1024/levle1_417.jpg,levle1_417.jpg,1,Level 1 (Mild),6-20 Lesions,123.06,train
data/raw/acne_1024/acne1_1024/levle1_418.jpg,data/raw/acne_1024/acne1_1024/levle1_418.jpg,levle1_418.jpg,1,Level 1 (Mild),6-20 Lesions,122.66,train
data/raw/acne_1024/acne1_1024/levle1_419.jpg,data/raw/acne_1024/acne1_1024/levle1_419.jpg,levle1_419.jpg,1,Level 1 (Mild),6-20 Lesions,122.26,train
data/raw/acne_1024/acne1_1024/levle1_42.jpg,data/raw/acne_1024/acne1_1024/levle1_42.jpg,levle1_42.jpg,1,Level 1 (Mild),6-20 Lesions,117.27,val
data/raw/acne_1024/acne1_1024/levle1_420.jpg,data/raw/acne_1024/acne1_1024/levle1_420.jpg,levle1_420.jpg,1,Level 1 (Mild),6-20 Lesions,119.5,train
data/raw/acne_1024/acne1_1024/levle1_421.jpg,data/raw/acne_1024/acne1_1024/levle1_421.jpg,levle1_421.jpg,1,Level 1 (Mild),6-20 Lesions,182.31,val
data/raw/acne_1024/acne1_1024/levle1_422.jpg,data/raw/acne_1024/acne1_1024/levle1_422.jpg,levle1_422.jpg,1,Level 1 (Mild),6-20 Lesions,145.84,train
data/raw/acne_1024/acne1_1024/levle1_423.jpg,data/raw/acne_1024/acne1_1024/levle1_423.jpg,levle1_423.jpg,1,Level 1 (Mild),6-20 Lesions,120.1,train
data/raw/acne_1024/acne1_1024/levle1_424.jpg,data/raw/acne_1024/acne1_1024/levle1_424.jpg,levle1_424.jpg,1,Level 1 (Mild),6-20 Lesions,98.97,train
data/raw/acne_1024/acne1_1024/levle1_425.jpg,data/raw/acne_1024/acne1_1024/levle1_425.jpg,levle1_425.jpg,1,Level 1 (Mild),6-20 Lesions,122.06,train
data/raw/acne_1024/acne1_1024/levle1_426.jpg,data/raw/acne_1024/acne1_1024/levle1_426.jpg,levle1_426.jpg,1,Level 1 (Mild),6-20 Lesions,147.05,train
data/raw/acne_1024/acne1_1024/levle1_427.jpg,data/raw/acne_1024/acne1_1024/levle1_427.jpg,levle1_427.jpg,1,Level 1 (Mild),6-20 Lesions,135.92,train
data/raw/acne_1024/acne1_1024/levle1_428.jpg,data/raw/acne_1024/acne1_1024/levle1_428.jpg,levle1_428.jpg,1,Level 1 (Mild),6-20 Lesions,125.65,train
data/raw/acne_1024/acne1_1024/levle1_429.jpg,data/raw/acne_1024/acne1_1024/levle1_429.jpg,levle1_429.jpg,1,Level 1 (Mild),6-20 Lesions,131.82,train
data/raw/acne_1024/acne1_1024/levle1_43.jpg,data/raw/acne_1024/acne1_1024/levle1_43.jpg,levle1_43.jpg,1,Level 1 (Mild),6-20 Lesions,115.36,train
data/raw/acne_1024/acne1_1024/levle1_430.jpg,data/raw/acne_1024/acne1_1024/levle1_430.jpg,levle1_430.jpg,1,Level 1 (Mild),6-20 Lesions,118.44,train
data/raw/acne_1024/acne1_1024/levle1_431.jpg,data/raw/acne_1024/acne1_1024/levle1_431.jpg,levle1_431.jpg,1,Level 1 (Mild),6-20 Lesions,106.07,train
data/raw/acne_1024/acne1_1024/levle1_432.jpg,data/raw/acne_1024/acne1_1024/levle1_432.jpg,levle1_432.jpg,1,Level 1 (Mild),6-20 Lesions,121.76,train
data/raw/acne_1024/acne1_1024/levle1_433.jpg,data/raw/acne_1024/acne1_1024/levle1_433.jpg,levle1_433.jpg,1,Level 1 (Mild),6-20 Lesions,124.3,val
data/raw/acne_1024/acne1_1024/levle1_434.jpg,data/raw/acne_1024/acne1_1024/levle1_434.jpg,levle1_434.jpg,1,Level 1 (Mild),6-20 Lesions,113.76,train
data/raw/acne_1024/acne1_1024/levle1_435.jpg,data/raw/acne_1024/acne1_1024/levle1_435.jpg,levle1_435.jpg,1,Level 1 (Mild),6-20 Lesions,114.33,train
data/raw/acne_1024/acne1_1024/levle1_436.jpg,data/raw/acne_1024/acne1_1024/levle1_436.jpg,levle1_436.jpg,1,Level 1 (Mild),6-20 Lesions,118.86,val
data/raw/acne_1024/acne1_1024/levle1_437.jpg,data/raw/acne_1024/acne1_1024/levle1_437.jpg,levle1_437.jpg,1,Level 1 (Mild),6-20 Lesions,111.43,test
data/raw/acne_1024/acne1_1024/levle1_439.jpg,data/raw/acne_1024/acne1_1024/levle1_439.jpg,levle1_439.jpg,1,Level 1 (Mild),6-20 Lesions,108.34,train
data/raw/acne_1024/acne1_1024/levle1_44.jpg,data/raw/acne_1024/acne1_1024/levle1_44.jpg,levle1_44.jpg,1,Level 1 (Mild),6-20 Lesions,117.39,test
data/raw/acne_1024/acne1_1024/levle1_440.jpg,data/raw/acne_1024/acne1_1024/levle1_440.jpg,levle1_440.jpg,1,Level 1 (Mild),6-20 Lesions,134.86,train
data/raw/acne_1024/acne1_1024/levle1_441.jpg,data/raw/acne_1024/acne1_1024/levle1_441.jpg,levle1_441.jpg,1,Level 1 (Mild),6-20 Lesions,135.79,test
data/raw/acne_1024/acne1_1024/levle1_442.jpg,data/raw/acne_1024/acne1_1024/levle1_442.jpg,levle1_442.jpg,1,Level 1 (Mild),6-20 Lesions,136.2,train
data/raw/acne_1024/acne1_1024/levle1_443.jpg,data/raw/acne_1024/acne1_1024/levle1_443.jpg,levle1_443.jpg,1,Level 1 (Mild),6-20 Lesions,146.84,train
data/raw/acne_1024/acne1_1024/levle1_444.jpg,data/raw/acne_1024/acne1_1024/levle1_444.jpg,levle1_444.jpg,1,Level 1 (Mild),6-20 Lesions,125.31,train
data/raw/acne_1024/acne1_1024/levle1_445.jpg,data/raw/acne_1024/acne1_1024/levle1_445.jpg,levle1_445.jpg,1,Level 1 (Mild),6-20 Lesions,95.31,val
data/raw/acne_1024/acne1_1024/levle1_446.jpg,data/raw/acne_1024/acne1_1024/levle1_446.jpg,levle1_446.jpg,1,Level 1 (Mild),6-20 Lesions,136.62,test
data/raw/acne_1024/acne1_1024/levle1_447.jpg,data/raw/acne_1024/acne1_1024/levle1_447.jpg,levle1_447.jpg,1,Level 1 (Mild),6-20 Lesions,136.8,train
data/raw/acne_1024/acne1_1024/levle1_448.jpg,data/raw/acne_1024/acne1_1024/levle1_448.jpg,levle1_448.jpg,1,Level 1 (Mild),6-20 Lesions,130.94,test
data/raw/acne_1024/acne1_1024/levle1_449.jpg,data/raw/acne_1024/acne1_1024/levle1_449.jpg,levle1_449.jpg,1,Level 1 (Mild),6-20 Lesions,168.24,train
data/raw/acne_1024/acne1_1024/levle1_45.jpg,data/raw/acne_1024/acne1_1024/levle1_45.jpg,levle1_45.jpg,1,Level 1 (Mild),6-20 Lesions,118.96,train
data/raw/acne_1024/acne1_1024/levle1_450.jpg,data/raw/acne_1024/acne1_1024/levle1_450.jpg,levle1_450.jpg,1,Level 1 (Mild),6-20 Lesions,161.96,train
data/raw/acne_1024/acne1_1024/levle1_451.jpg,data/raw/acne_1024/acne1_1024/levle1_451.jpg,levle1_451.jpg,1,Level 1 (Mild),6-20 Lesions,69.4,test
data/raw/acne_1024/acne1_1024/levle1_452.jpg,data/raw/acne_1024/acne1_1024/levle1_452.jpg,levle1_452.jpg,1,Level 1 (Mild),6-20 Lesions,77.64,train
data/raw/acne_1024/acne1_1024/levle1_453.jpg,data/raw/acne_1024/acne1_1024/levle1_453.jpg,levle1_453.jpg,1,Level 1 (Mild),6-20 Lesions,116.74,train
data/raw/acne_1024/acne1_1024/levle1_454.jpg,data/raw/acne_1024/acne1_1024/levle1_454.jpg,levle1_454.jpg,1,Level 1 (Mild),6-20 Lesions,109.78,val
data/raw/acne_1024/acne1_1024/levle1_455.jpg,data/raw/acne_1024/acne1_1024/levle1_455.jpg,levle1_455.jpg,1,Level 1 (Mild),6-20 Lesions,132.34,test
data/raw/acne_1024/acne1_1024/levle1_456.jpg,data/raw/acne_1024/acne1_1024/levle1_456.jpg,levle1_456.jpg,1,Level 1 (Mild),6-20 Lesions,86.99,train
data/raw/acne_1024/acne1_1024/levle1_457.jpg,data/raw/acne_1024/acne1_1024/levle1_457.jpg,levle1_457.jpg,1,Level 1 (Mild),6-20 Lesions,137.31,train
data/raw/acne_1024/acne1_1024/levle1_458.jpg,data/raw/acne_1024/acne1_1024/levle1_458.jpg,levle1_458.jpg,1,Level 1 (Mild),6-20 Lesions,104.67,test
data/raw/acne_1024/acne1_1024/levle1_459.jpg,data/raw/acne_1024/acne1_1024/levle1_459.jpg,levle1_459.jpg,1,Level 1 (Mild),6-20 Lesions,126.75,train
data/raw/acne_1024/acne1_1024/levle1_46.jpg,data/raw/acne_1024/acne1_1024/levle1_46.jpg,levle1_46.jpg,1,Level 1 (Mild),6-20 Lesions,98.74,train
data/raw/acne_1024/acne1_1024/levle1_460.jpg,data/raw/acne_1024/acne1_1024/levle1_460.jpg,levle1_460.jpg,1,Level 1 (Mild),6-20 Lesions,83.75,train
data/raw/acne_1024/acne1_1024/levle1_461.jpg,data/raw/acne_1024/acne1_1024/levle1_461.jpg,levle1_461.jpg,1,Level 1 (Mild),6-20 Lesions,114.98,train
data/raw/acne_1024/acne1_1024/levle1_462.jpg,data/raw/acne_1024/acne1_1024/levle1_462.jpg,levle1_462.jpg,1,Level 1 (Mild),6-20 Lesions,113.03,train
data/raw/acne_1024/acne1_1024/levle1_463.jpg,data/raw/acne_1024/acne1_1024/levle1_463.jpg,levle1_463.jpg,1,Level 1 (Mild),6-20 Lesions,115.32,test
data/raw/acne_1024/acne1_1024/levle1_464.jpg,data/raw/acne_1024/acne1_1024/levle1_464.jpg,levle1_464.jpg,1,Level 1 (Mild),6-20 Lesions,118.82,test
data/raw/acne_1024/acne1_1024/levle1_465.jpg,data/raw/acne_1024/acne1_1024/levle1_465.jpg,levle1_465.jpg,1,Level 1 (Mild),6-20 Lesions,113.01,train
data/raw/acne_1024/acne1_1024/levle1_466.jpg,data/raw/acne_1024/acne1_1024/levle1_466.jpg,levle1_466.jpg,1,Level 1 (Mild),6-20 Lesions,121.11,test
data/raw/acne_1024/acne1_1024/levle1_467.jpg,data/raw/acne_1024/acne1_1024/levle1_467.jpg,levle1_467.jpg,1,Level 1 (Mild),6-20 Lesions,135.47,val
data/raw/acne_1024/acne1_1024/levle1_468.jpg,data/raw/acne_1024/acne1_1024/levle1_468.jpg,levle1_468.jpg,1,Level 1 (Mild),6-20 Lesions,120.27,val
data/raw/acne_1024/acne1_1024/levle1_469.jpg,data/raw/acne_1024/acne1_1024/levle1_469.jpg,levle1_469.jpg,1,Level 1 (Mild),6-20 Lesions,116.6,train
data/raw/acne_1024/acne1_1024/levle1_47.jpg,data/raw/acne_1024/acne1_1024/levle1_47.jpg,levle1_47.jpg,1,Level 1 (Mild),6-20 Lesions,119.67,train
data/raw/acne_1024/acne1_1024/levle1_470.jpg,data/raw/acne_1024/acne1_1024/levle1_470.jpg,levle1_470.jpg,1,Level 1 (Mild),6-20 Lesions,122.09,train
data/raw/acne_1024/acne1_1024/levle1_471.jpg,data/raw/acne_1024/acne1_1024/levle1_471.jpg,levle1_471.jpg,1,Level 1 (Mild),6-20 Lesions,113.12,test
data/raw/acne_1024/acne1_1024/levle1_472.jpg,data/raw/acne_1024/acne1_1024/levle1_472.jpg,levle1_472.jpg,1,Level 1 (Mild),6-20 Lesions,147.46,train
data/raw/acne_1024/acne1_1024/levle1_474.jpg,data/raw/acne_1024/acne1_1024/levle1_474.jpg,levle1_474.jpg,1,Level 1 (Mild),6-20 Lesions,124.17,train
data/raw/acne_1024/acne1_1024/levle1_475.jpg,data/raw/acne_1024/acne1_1024/levle1_475.jpg,levle1_475.jpg,1,Level 1 (Mild),6-20 Lesions,135.35,train
data/raw/acne_1024/acne1_1024/levle1_476.jpg,data/raw/acne_1024/acne1_1024/levle1_476.jpg,levle1_476.jpg,1,Level 1 (Mild),6-20 Lesions,120.5,train
data/raw/acne_1024/acne1_1024/levle1_477.jpg,data/raw/acne_1024/acne1_1024/levle1_477.jpg,levle1_477.jpg,1,Level 1 (Mild),6-20 Lesions,102.28,train
data/raw/acne_1024/acne1_1024/levle1_478.jpg,data/raw/acne_1024/acne1_1024/levle1_478.jpg,levle1_478.jpg,1,Level 1 (Mild),6-20 Lesions,135.85,train
data/raw/acne_1024/acne1_1024/levle1_479.jpg,data/raw/acne_1024/acne1_1024/levle1_479.jpg,levle1_479.jpg,1,Level 1 (Mild),6-20 Lesions,118.77,val
data/raw/acne_1024/acne1_1024/levle1_48.jpg,data/raw/acne_1024/acne1_1024/levle1_48.jpg,levle1_48.jpg,1,Level 1 (Mild),6-20 Lesions,99.73,train
data/raw/acne_1024/acne1_1024/levle1_480.jpg,data/raw/acne_1024/acne1_1024/levle1_480.jpg,levle1_480.jpg,1,Level 1 (Mild),6-20 Lesions,125.94,train
data/raw/acne_1024/acne1_1024/levle1_481.jpg,data/raw/acne_1024/acne1_1024/levle1_481.jpg,levle1_481.jpg,1,Level 1 (Mild),6-20 Lesions,102.3,train
data/raw/acne_1024/acne1_1024/levle1_482.jpg,data/raw/acne_1024/acne1_1024/levle1_482.jpg,levle1_482.jpg,1,Level 1 (Mild),6-20 Lesions,96.4,test
data/raw/acne_1024/acne1_1024/levle1_483.jpg,data/raw/acne_1024/acne1_1024/levle1_483.jpg,levle1_483.jpg,1,Level 1 (Mild),6-20 Lesions,118.3,train
data/raw/acne_1024/acne1_1024/levle1_484.jpg,data/raw/acne_1024/acne1_1024/levle1_484.jpg,levle1_484.jpg,1,Level 1 (Mild),6-20 Lesions,113.51,val
data/raw/acne_1024/acne1_1024/levle1_485.jpg,data/raw/acne_1024/acne1_1024/levle1_485.jpg,levle1_485.jpg,1,Level 1 (Mild),6-20 Lesions,137.01,train
data/raw/acne_1024/acne1_1024/levle1_486.jpg,data/raw/acne_1024/acne1_1024/levle1_486.jpg,levle1_486.jpg,1,Level 1 (Mild),6-20 Lesions,118.53,test
data/raw/acne_1024/acne1_1024/levle1_487.jpg,data/raw/acne_1024/acne1_1024/levle1_487.jpg,levle1_487.jpg,1,Level 1 (Mild),6-20 Lesions,93.34,test
data/raw/acne_1024/acne1_1024/levle1_488.jpg,data/raw/acne_1024/acne1_1024/levle1_488.jpg,levle1_488.jpg,1,Level 1 (Mild),6-20 Lesions,94.07,train
data/raw/acne_1024/acne1_1024/levle1_489.jpg,data/raw/acne_1024/acne1_1024/levle1_489.jpg,levle1_489.jpg,1,Level 1 (Mild),6-20 Lesions,92.35,test
data/raw/acne_1024/acne1_1024/levle1_49.jpg,data/raw/acne_1024/acne1_1024/levle1_49.jpg,levle1_49.jpg,1,Level 1 (Mild),6-20 Lesions,123.16,train
data/raw/acne_1024/acne1_1024/levle1_490.jpg,data/raw/acne_1024/acne1_1024/levle1_490.jpg,levle1_490.jpg,1,Level 1 (Mild),6-20 Lesions,95.71,test
data/raw/acne_1024/acne1_1024/levle1_491.jpg,data/raw/acne_1024/acne1_1024/levle1_491.jpg,levle1_491.jpg,1,Level 1 (Mild),6-20 Lesions,122.91,test
data/raw/acne_1024/acne1_1024/levle1_492.jpg,data/raw/acne_1024/acne1_1024/levle1_492.jpg,levle1_492.jpg,1,Level 1 (Mild),6-20 Lesions,124.17,train
data/raw/acne_1024/acne1_1024/levle1_493.jpg,data/raw/acne_1024/acne1_1024/levle1_493.jpg,levle1_493.jpg,1,Level 1 (Mild),6-20 Lesions,99.28,train
data/raw/acne_1024/acne1_1024/levle1_494.jpg,data/raw/acne_1024/acne1_1024/levle1_494.jpg,levle1_494.jpg,1,Level 1 (Mild),6-20 Lesions,128.77,train
data/raw/acne_1024/acne1_1024/levle1_495.jpg,data/raw/acne_1024/acne1_1024/levle1_495.jpg,levle1_495.jpg,1,Level 1 (Mild),6-20 Lesions,122.01,test
data/raw/acne_1024/acne1_1024/levle1_496.jpg,data/raw/acne_1024/acne1_1024/levle1_496.jpg,levle1_496.jpg,1,Level 1 (Mild),6-20 Lesions,112.39,train
data/raw/acne_1024/acne1_1024/levle1_497.jpg,data/raw/acne_1024/acne1_1024/levle1_497.jpg,levle1_497.jpg,1,Level 1 (Mild),6-20 Lesions,117.94,train
data/raw/acne_1024/acne1_1024/levle1_498.jpg,data/raw/acne_1024/acne1_1024/levle1_498.jpg,levle1_498.jpg,1,Level 1 (Mild),6-20 Lesions,107.59,train
data/raw/acne_1024/acne1_1024/levle1_499.jpg,data/raw/acne_1024/acne1_1024/levle1_499.jpg,levle1_499.jpg,1,Level 1 (Mild),6-20 Lesions,119.99,train
data/raw/acne_1024/acne1_1024/levle1_50.jpg,data/raw/acne_1024/acne1_1024/levle1_50.jpg,levle1_50.jpg,1,Level 1 (Mild),6-20 Lesions,122.85,train
data/raw/acne_1024/acne1_1024/levle1_500.jpg,data/raw/acne_1024/acne1_1024/levle1_500.jpg,levle1_500.jpg,1,Level 1 (Mild),6-20 Lesions,120.46,train
data/raw/acne_1024/acne1_1024/levle1_501.jpg,data/raw/acne_1024/acne1_1024/levle1_501.jpg,levle1_501.jpg,1,Level 1 (Mild),6-20 Lesions,129.34,train
data/raw/acne_1024/acne1_1024/levle1_502.jpg,data/raw/acne_1024/acne1_1024/levle1_502.jpg,levle1_502.jpg,1,Level 1 (Mild),6-20 Lesions,129.46,train
data/raw/acne_1024/acne1_1024/levle1_503.jpg,data/raw/acne_1024/acne1_1024/levle1_503.jpg,levle1_503.jpg,1,Level 1 (Mild),6-20 Lesions,98.0,train
data/raw/acne_1024/acne1_1024/levle1_504.jpg,data/raw/acne_1024/acne1_1024/levle1_504.jpg,levle1_504.jpg,1,Level 1 (Mild),6-20 Lesions,99.84,train
data/raw/acne_1024/acne1_1024/levle1_505.jpg,data/raw/acne_1024/acne1_1024/levle1_505.jpg,levle1_505.jpg,1,Level 1 (Mild),6-20 Lesions,133.49,train
data/raw/acne_1024/acne1_1024/levle1_506.jpg,data/raw/acne_1024/acne1_1024/levle1_506.jpg,levle1_506.jpg,1,Level 1 (Mild),6-20 Lesions,128.12,train
data/raw/acne_1024/acne1_1024/levle1_507.jpg,data/raw/acne_1024/acne1_1024/levle1_507.jpg,levle1_507.jpg,1,Level 1 (Mild),6-20 Lesions,140.5,train
data/raw/acne_1024/acne1_1024/levle1_508.jpg,data/raw/acne_1024/acne1_1024/levle1_508.jpg,levle1_508.jpg,1,Level 1 (Mild),6-20 Lesions,151.14,val
data/raw/acne_1024/acne1_1024/levle1_509.jpg,data/raw/acne_1024/acne1_1024/levle1_509.jpg,levle1_509.jpg,1,Level 1 (Mild),6-20 Lesions,116.8,test
data/raw/acne_1024/acne1_1024/levle1_51.jpg,data/raw/acne_1024/acne1_1024/levle1_51.jpg,levle1_51.jpg,1,Level 1 (Mild),6-20 Lesions,110.56,train
data/raw/acne_1024/acne1_1024/levle1_510.jpg,data/raw/acne_1024/acne1_1024/levle1_510.jpg,levle1_510.jpg,1,Level 1 (Mild),6-20 Lesions,115.16,train
data/raw/acne_1024/acne1_1024/levle1_511.jpg,data/raw/acne_1024/acne1_1024/levle1_511.jpg,levle1_511.jpg,1,Level 1 (Mild),6-20 Lesions,105.91,test
data/raw/acne_1024/acne1_1024/levle1_512.jpg,data/raw/acne_1024/acne1_1024/levle1_512.jpg,levle1_512.jpg,1,Level 1 (Mild),6-20 Lesions,112.44,train
data/raw/acne_1024/acne1_1024/levle1_513.jpg,data/raw/acne_1024/acne1_1024/levle1_513.jpg,levle1_513.jpg,1,Level 1 (Mild),6-20 Lesions,80.75,train
data/raw/acne_1024/acne1_1024/levle1_514.jpg,data/raw/acne_1024/acne1_1024/levle1_514.jpg,levle1_514.jpg,1,Level 1 (Mild),6-20 Lesions,99.45,train
data/raw/acne_1024/acne1_1024/levle1_515.jpg,data/raw/acne_1024/acne1_1024/levle1_515.jpg,levle1_515.jpg,1,Level 1 (Mild),6-20 Lesions,109.49,train
data/raw/acne_1024/acne1_1024/levle1_516.jpg,data/raw/acne_1024/acne1_1024/levle1_516.jpg,levle1_516.jpg,1,Level 1 (Mild),6-20 Lesions,138.46,train
data/raw/acne_1024/acne1_1024/levle1_517.jpg,data/raw/acne_1024/acne1_1024/levle1_517.jpg,levle1_517.jpg,1,Level 1 (Mild),6-20 Lesions,138.03,test
data/raw/acne_1024/acne1_1024/levle1_518.jpg,data/raw/acne_1024/acne1_1024/levle1_518.jpg,levle1_518.jpg,1,Level 1 (Mild),6-20 Lesions,132.14,train
data/raw/acne_1024/acne1_1024/levle1_519.jpg,data/raw/acne_1024/acne1_1024/levle1_519.jpg,levle1_519.jpg,1,Level 1 (Mild),6-20 Lesions,130.66,train
data/raw/acne_1024/acne1_1024/levle1_52.jpg,data/raw/acne_1024/acne1_1024/levle1_52.jpg,levle1_52.jpg,1,Level 1 (Mild),6-20 Lesions,132.07,train
data/raw/acne_1024/acne1_1024/levle1_520.jpg,data/raw/acne_1024/acne1_1024/levle1_520.jpg,levle1_520.jpg,1,Level 1 (Mild),6-20 Lesions,125.16,val
data/raw/acne_1024/acne1_1024/levle1_521.jpg,data/raw/acne_1024/acne1_1024/levle1_521.jpg,levle1_521.jpg,1,Level 1 (Mild),6-20 Lesions,124.37,val
data/raw/acne_1024/acne1_1024/levle1_522.jpg,data/raw/acne_1024/acne1_1024/levle1_522.jpg,levle1_522.jpg,1,Level 1 (Mild),6-20 Lesions,107.3,test
data/raw/acne_1024/acne1_1024/levle1_523.jpg,data/raw/acne_1024/acne1_1024/levle1_523.jpg,levle1_523.jpg,1,Level 1 (Mild),6-20 Lesions,125.89,train
data/raw/acne_1024/acne1_1024/levle1_524.jpg,data/raw/acne_1024/acne1_1024/levle1_524.jpg,levle1_524.jpg,1,Level 1 (Mild),6-20 Lesions,114.28,train
data/raw/acne_1024/acne1_1024/levle1_525.jpg,data/raw/acne_1024/acne1_1024/levle1_525.jpg,levle1_525.jpg,1,Level 1 (Mild),6-20 Lesions,122.08,train
data/raw/acne_1024/acne1_1024/levle1_526.jpg,data/raw/acne_1024/acne1_1024/levle1_526.jpg,levle1_526.jpg,1,Level 1 (Mild),6-20 Lesions,104.7,val
data/raw/acne_1024/acne1_1024/levle1_527.jpg,data/raw/acne_1024/acne1_1024/levle1_527.jpg,levle1_527.jpg,1,Level 1 (Mild),6-20 Lesions,103.89,train
data/raw/acne_1024/acne1_1024/levle1_528.jpg,data/raw/acne_1024/acne1_1024/levle1_528.jpg,levle1_528.jpg,1,Level 1 (Mild),6-20 Lesions,112.96,train
data/raw/acne_1024/acne1_1024/levle1_529.jpg,data/raw/acne_1024/acne1_1024/levle1_529.jpg,levle1_529.jpg,1,Level 1 (Mild),6-20 Lesions,98.16,train
data/raw/acne_1024/acne1_1024/levle1_53.jpg,data/raw/acne_1024/acne1_1024/levle1_53.jpg,levle1_53.jpg,1,Level 1 (Mild),6-20 Lesions,107.45,train
data/raw/acne_1024/acne1_1024/levle1_530.jpg,data/raw/acne_1024/acne1_1024/levle1_530.jpg,levle1_530.jpg,1,Level 1 (Mild),6-20 Lesions,99.97,train
data/raw/acne_1024/acne1_1024/levle1_531.jpg,data/raw/acne_1024/acne1_1024/levle1_531.jpg,levle1_531.jpg,1,Level 1 (Mild),6-20 Lesions,81.42,train
data/raw/acne_1024/acne1_1024/levle1_532.jpg,data/raw/acne_1024/acne1_1024/levle1_532.jpg,levle1_532.jpg,1,Level 1 (Mild),6-20 Lesions,97.35,test
data/raw/acne_1024/acne1_1024/levle1_533.jpg,data/raw/acne_1024/acne1_1024/levle1_533.jpg,levle1_533.jpg,1,Level 1 (Mild),6-20 Lesions,120.57,test
data/raw/acne_1024/acne1_1024/levle1_534.jpg,data/raw/acne_1024/acne1_1024/levle1_534.jpg,levle1_534.jpg,1,Level 1 (Mild),6-20 Lesions,91.37,train
data/raw/acne_1024/acne1_1024/levle1_535.jpg,data/raw/acne_1024/acne1_1024/levle1_535.jpg,levle1_535.jpg,1,Level 1 (Mild),6-20 Lesions,161.49,train
data/raw/acne_1024/acne1_1024/levle1_536.jpg,data/raw/acne_1024/acne1_1024/levle1_536.jpg,levle1_536.jpg,1,Level 1 (Mild),6-20 Lesions,110.77,train
data/raw/acne_1024/acne1_1024/levle1_537.jpg,data/raw/acne_1024/acne1_1024/levle1_537.jpg,levle1_537.jpg,1,Level 1 (Mild),6-20 Lesions,153.49,train
data/raw/acne_1024/acne1_1024/levle1_538.jpg,data/raw/acne_1024/acne1_1024/levle1_538.jpg,levle1_538.jpg,1,Level 1 (Mild),6-20 Lesions,140.72,train
data/raw/acne_1024/acne1_1024/levle1_539.jpg,data/raw/acne_1024/acne1_1024/levle1_539.jpg,levle1_539.jpg,1,Level 1 (Mild),6-20 Lesions,139.48,test
data/raw/acne_1024/acne1_1024/levle1_54.jpg,data/raw/acne_1024/acne1_1024/levle1_54.jpg,levle1_54.jpg,1,Level 1 (Mild),6-20 Lesions,125.57,test
data/raw/acne_1024/acne1_1024/levle1_540.jpg,data/raw/acne_1024/acne1_1024/levle1_540.jpg,levle1_540.jpg,1,Level 1 (Mild),6-20 Lesions,152.62,train
data/raw/acne_1024/acne1_1024/levle1_541.jpg,data/raw/acne_1024/acne1_1024/levle1_541.jpg,levle1_541.jpg,1,Level 1 (Mild),6-20 Lesions,146.33,train
data/raw/acne_1024/acne1_1024/levle1_542.jpg,data/raw/acne_1024/acne1_1024/levle1_542.jpg,levle1_542.jpg,1,Level 1 (Mild),6-20 Lesions,110.11,train
data/raw/acne_1024/acne1_1024/levle1_543.jpg,data/raw/acne_1024/acne1_1024/levle1_543.jpg,levle1_543.jpg,1,Level 1 (Mild),6-20 Lesions,100.29,train
data/raw/acne_1024/acne1_1024/levle1_544.jpg,data/raw/acne_1024/acne1_1024/levle1_544.jpg,levle1_544.jpg,1,Level 1 (Mild),6-20 Lesions,126.61,test
data/raw/acne_1024/acne1_1024/levle1_545.jpg,data/raw/acne_1024/acne1_1024/levle1_545.jpg,levle1_545.jpg,1,Level 1 (Mild),6-20 Lesions,93.33,train
data/raw/acne_1024/acne1_1024/levle1_546.jpg,data/raw/acne_1024/acne1_1024/levle1_546.jpg,levle1_546.jpg,1,Level 1 (Mild),6-20 Lesions,100.71,val
data/raw/acne_1024/acne1_1024/levle1_547.jpg,data/raw/acne_1024/acne1_1024/levle1_547.jpg,levle1_547.jpg,1,Level 1 (Mild),6-20 Lesions,96.01,test
data/raw/acne_1024/acne1_1024/levle1_548.jpg,data/raw/acne_1024/acne1_1024/levle1_548.jpg,levle1_548.jpg,1,Level 1 (Mild),6-20 Lesions,98.98,train
data/raw/acne_1024/acne1_1024/levle1_549.jpg,data/raw/acne_1024/acne1_1024/levle1_549.jpg,levle1_549.jpg,1,Level 1 (Mild),6-20 Lesions,107.73,train
data/raw/acne_1024/acne1_1024/levle1_55.jpg,data/raw/acne_1024/acne1_1024/levle1_55.jpg,levle1_55.jpg,1,Level 1 (Mild),6-20 Lesions,85.31,test
data/raw/acne_1024/acne1_1024/levle1_550.jpg,data/raw/acne_1024/acne1_1024/levle1_550.jpg,levle1_550.jpg,1,Level 1 (Mild),6-20 Lesions,91.28,train
data/raw/acne_1024/acne1_1024/levle1_551.jpg,data/raw/acne_1024/acne1_1024/levle1_551.jpg,levle1_551.jpg,1,Level 1 (Mild),6-20 Lesions,83.72,train
data/raw/acne_1024/acne1_1024/levle1_552.jpg,data/raw/acne_1024/acne1_1024/levle1_552.jpg,levle1_552.jpg,1,Level 1 (Mild),6-20 Lesions,151.43,train
data/raw/acne_1024/acne1_1024/levle1_553.jpg,data/raw/acne_1024/acne1_1024/levle1_553.jpg,levle1_553.jpg,1,Level 1 (Mild),6-20 Lesions,137.68,test
data/raw/acne_1024/acne1_1024/levle1_554.jpg,data/raw/acne_1024/acne1_1024/levle1_554.jpg,levle1_554.jpg,1,Level 1 (Mild),6-20 Lesions,129.61,val
data/raw/acne_1024/acne1_1024/levle1_555.jpg,data/raw/acne_1024/acne1_1024/levle1_555.jpg,levle1_555.jpg,1,Level 1 (Mild),6-20 Lesions,115.92,test
data/raw/acne_1024/acne1_1024/levle1_556.jpg,data/raw/acne_1024/acne1_1024/levle1_556.jpg,levle1_556.jpg,1,Level 1 (Mild),6-20 Lesions,168.23,train
data/raw/acne_1024/acne1_1024/levle1_557.jpg,data/raw/acne_1024/acne1_1024/levle1_557.jpg,levle1_557.jpg,1,Level 1 (Mild),6-20 Lesions,137.82,train
data/raw/acne_1024/acne1_1024/levle1_558.jpg,data/raw/acne_1024/acne1_1024/levle1_558.jpg,levle1_558.jpg,1,Level 1 (Mild),6-20 Lesions,112.73,test
data/raw/acne_1024/acne1_1024/levle1_559.jpg,data/raw/acne_1024/acne1_1024/levle1_559.jpg,levle1_559.jpg,1,Level 1 (Mild),6-20 Lesions,88.07,val
data/raw/acne_1024/acne1_1024/levle1_56.jpg,data/raw/acne_1024/acne1_1024/levle1_56.jpg,levle1_56.jpg,1,Level 1 (Mild),6-20 Lesions,106.14,val
data/raw/acne_1024/acne1_1024/levle1_560.jpg,data/raw/acne_1024/acne1_1024/levle1_560.jpg,levle1_560.jpg,1,Level 1 (Mild),6-20 Lesions,112.58,test
data/raw/acne_1024/acne1_1024/levle1_561.jpg,data/raw/acne_1024/acne1_1024/levle1_561.jpg,levle1_561.jpg,1,Level 1 (Mild),6-20 Lesions,109.77,val
data/raw/acne_1024/acne1_1024/levle1_562.jpg,data/raw/acne_1024/acne1_1024/levle1_562.jpg,levle1_562.jpg,1,Level 1 (Mild),6-20 Lesions,106.82,test
data/raw/acne_1024/acne1_1024/levle1_563.jpg,data/raw/acne_1024/acne1_1024/levle1_563.jpg,levle1_563.jpg,1,Level 1 (Mild),6-20 Lesions,136.26,train
data/raw/acne_1024/acne1_1024/levle1_564.jpg,data/raw/acne_1024/acne1_1024/levle1_564.jpg,levle1_564.jpg,1,Level 1 (Mild),6-20 Lesions,98.63,train
data/raw/acne_1024/acne1_1024/levle1_565.jpg,data/raw/acne_1024/acne1_1024/levle1_565.jpg,levle1_565.jpg,1,Level 1 (Mild),6-20 Lesions,141.77,train
data/raw/acne_1024/acne1_1024/levle1_566.jpg,data/raw/acne_1024/acne1_1024/levle1_566.jpg,levle1_566.jpg,1,Level 1 (Mild),6-20 Lesions,134.58,train
data/raw/acne_1024/acne1_1024/levle1_567.jpg,data/raw/acne_1024/acne1_1024/levle1_567.jpg,levle1_567.jpg,1,Level 1 (Mild),6-20 Lesions,151.88,test
data/raw/acne_1024/acne1_1024/levle1_568.jpg,data/raw/acne_1024/acne1_1024/levle1_568.jpg,levle1_568.jpg,1,Level 1 (Mild),6-20 Lesions,150.46,train
data/raw/acne_1024/acne1_1024/levle1_569.jpg,data/raw/acne_1024/acne1_1024/levle1_569.jpg,levle1_569.jpg,1,Level 1 (Mild),6-20 Lesions,148.9,train
data/raw/acne_1024/acne1_1024/levle1_57.jpg,data/raw/acne_1024/acne1_1024/levle1_57.jpg,levle1_57.jpg,1,Level 1 (Mild),6-20 Lesions,117.52,val
data/raw/acne_1024/acne1_1024/levle1_570.jpg,data/raw/acne_1024/acne1_1024/levle1_570.jpg,levle1_570.jpg,1,Level 1 (Mild),6-20 Lesions,177.47,val
data/raw/acne_1024/acne1_1024/levle1_571.jpg,data/raw/acne_1024/acne1_1024/levle1_571.jpg,levle1_571.jpg,1,Level 1 (Mild),6-20 Lesions,149.12,val
data/raw/acne_1024/acne1_1024/levle1_572.jpg,data/raw/acne_1024/acne1_1024/levle1_572.jpg,levle1_572.jpg,1,Level 1 (Mild),6-20 Lesions,147.92,train
data/raw/acne_1024/acne1_1024/levle1_573.jpg,data/raw/acne_1024/acne1_1024/levle1_573.jpg,levle1_573.jpg,1,Level 1 (Mild),6-20 Lesions,143.33,train
data/raw/acne_1024/acne1_1024/levle1_574.jpg,data/raw/acne_1024/acne1_1024/levle1_574.jpg,levle1_574.jpg,1,Level 1 (Mild),6-20 Lesions,147.92,train
data/raw/acne_1024/acne1_1024/levle1_575.jpg,data/raw/acne_1024/acne1_1024/levle1_575.jpg,levle1_575.jpg,1,Level 1 (Mild),6-20 Lesions,143.33,train
data/raw/acne_1024/acne1_1024/levle1_576.jpg,data/raw/acne_1024/acne1_1024/levle1_576.jpg,levle1_576.jpg,1,Level 1 (Mild),6-20 Lesions,119.26,val
data/raw/acne_1024/acne1_1024/levle1_577.jpg,data/raw/acne_1024/acne1_1024/levle1_577.jpg,levle1_577.jpg,1,Level 1 (Mild),6-20 Lesions,103.06,test
data/raw/acne_1024/acne1_1024/levle1_578.jpg,data/raw/acne_1024/acne1_1024/levle1_578.jpg,levle1_578.jpg,1,Level 1 (Mild),6-20 Lesions,126.41,train
data/raw/acne_1024/acne1_1024/levle1_579.jpg,data/raw/acne_1024/acne1_1024/levle1_579.jpg,levle1_579.jpg,1,Level 1 (Mild),6-20 Lesions,96.52,val
data/raw/acne_1024/acne1_1024/levle1_58.jpg,data/raw/acne_1024/acne1_1024/levle1_58.jpg,levle1_58.jpg,1,Level 1 (Mild),6-20 Lesions,130.05,train
data/raw/acne_1024/acne1_1024/levle1_580.jpg,data/raw/acne_1024/acne1_1024/levle1_580.jpg,levle1_580.jpg,1,Level 1 (Mild),6-20 Lesions,88.33,test
data/raw/acne_1024/acne1_1024/levle1_581.jpg,data/raw/acne_1024/acne1_1024/levle1_581.jpg,levle1_581.jpg,1,Level 1 (Mild),6-20 Lesions,103.29,train
data/raw/acne_1024/acne1_1024/levle1_582.jpg,data/raw/acne_1024/acne1_1024/levle1_582.jpg,levle1_582.jpg,1,Level 1 (Mild),6-20 Lesions,109.5,val
data/raw/acne_1024/acne1_1024/levle1_583.jpg,data/raw/acne_1024/acne1_1024/levle1_583.jpg,levle1_583.jpg,1,Level 1 (Mild),6-20 Lesions,120.24,train
data/raw/acne_1024/acne1_1024/levle1_584.jpg,data/raw/acne_1024/acne1_1024/levle1_584.jpg,levle1_584.jpg,1,Level 1 (Mild),6-20 Lesions,93.78,val
data/raw/acne_1024/acne1_1024/levle1_585.jpg,data/raw/acne_1024/acne1_1024/levle1_585.jpg,levle1_585.jpg,1,Level 1 (Mild),6-20 Lesions,99.99,train
data/raw/acne_1024/acne1_1024/levle1_586.jpg,data/raw/acne_1024/acne1_1024/levle1_586.jpg,levle1_586.jpg,1,Level 1 (Mild),6-20 Lesions,115.3,train
data/raw/acne_1024/acne1_1024/levle1_587.jpg,data/raw/acne_1024/acne1_1024/levle1_587.jpg,levle1_587.jpg,1,Level 1 (Mild),6-20 Lesions,121.04,train
data/raw/acne_1024/acne1_1024/levle1_588.jpg,data/raw/acne_1024/acne1_1024/levle1_588.jpg,levle1_588.jpg,1,Level 1 (Mild),6-20 Lesions,107.89,train
data/raw/acne_1024/acne1_1024/levle1_589.jpg,data/raw/acne_1024/acne1_1024/levle1_589.jpg,levle1_589.jpg,1,Level 1 (Mild),6-20 Lesions,104.01,train
data/raw/acne_1024/acne1_1024/levle1_59.jpg,data/raw/acne_1024/acne1_1024/levle1_59.jpg,levle1_59.jpg,1,Level 1 (Mild),6-20 Lesions,126.6,train
data/raw/acne_1024/acne1_1024/levle1_590.jpg,data/raw/acne_1024/acne1_1024/levle1_590.jpg,levle1_590.jpg,1,Level 1 (Mild),6-20 Lesions,70.79,train
data/raw/acne_1024/acne1_1024/levle1_591.jpg,data/raw/acne_1024/acne1_1024/levle1_591.jpg,levle1_591.jpg,1,Level 1 (Mild),6-20 Lesions,107.63,train
data/raw/acne_1024/acne1_1024/levle1_592.jpg,data/raw/acne_1024/acne1_1024/levle1_592.jpg,levle1_592.jpg,1,Level 1 (Mild),6-20 Lesions,110.84,train
data/raw/acne_1024/acne1_1024/levle1_593.jpg,data/raw/acne_1024/acne1_1024/levle1_593.jpg,levle1_593.jpg,1,Level 1 (Mild),6-20 Lesions,133.22,train
data/raw/acne_1024/acne1_1024/levle1_594.jpg,data/raw/acne_1024/acne1_1024/levle1_594.jpg,levle1_594.jpg,1,Level 1 (Mild),6-20 Lesions,97.71,train
data/raw/acne_1024/acne1_1024/levle1_595.jpg,data/raw/acne_1024/acne1_1024/levle1_595.jpg,levle1_595.jpg,1,Level 1 (Mild),6-20 Lesions,125.47,train
data/raw/acne_1024/acne1_1024/levle1_596.jpg,data/raw/acne_1024/acne1_1024/levle1_596.jpg,levle1_596.jpg,1,Level 1 (Mild),6-20 Lesions,118.73,train
data/raw/acne_1024/acne1_1024/levle1_597.jpg,data/raw/acne_1024/acne1_1024/levle1_597.jpg,levle1_597.jpg,1,Level 1 (Mild),6-20 Lesions,147.54,train
data/raw/acne_1024/acne1_1024/levle1_598.jpg,data/raw/acne_1024/acne1_1024/levle1_598.jpg,levle1_598.jpg,1,Level 1 (Mild),6-20 Lesions,142.16,train
data/raw/acne_1024/acne1_1024/levle1_599.jpg,data/raw/acne_1024/acne1_1024/levle1_599.jpg,levle1_599.jpg,1,Level 1 (Mild),6-20 Lesions,129.99,train
data/raw/acne_1024/acne1_1024/levle1_60.jpg,data/raw/acne_1024/acne1_1024/levle1_60.jpg,levle1_60.jpg,1,Level 1 (Mild),6-20 Lesions,93.46,train
data/raw/acne_1024/acne1_1024/levle1_600.jpg,data/raw/acne_1024/acne1_1024/levle1_600.jpg,levle1_600.jpg,1,Level 1 (Mild),6-20 Lesions,98.42,train
data/raw/acne_1024/acne1_1024/levle1_601.jpg,data/raw/acne_1024/acne1_1024/levle1_601.jpg,levle1_601.jpg,1,Level 1 (Mild),6-20 Lesions,151.6,train
data/raw/acne_1024/acne1_1024/levle1_603.jpg,data/raw/acne_1024/acne1_1024/levle1_603.jpg,levle1_603.jpg,1,Level 1 (Mild),6-20 Lesions,143.39,val
data/raw/acne_1024/acne1_1024/levle1_604.jpg,data/raw/acne_1024/acne1_1024/levle1_604.jpg,levle1_604.jpg,1,Level 1 (Mild),6-20 Lesions,143.2,train
data/raw/acne_1024/acne1_1024/levle1_605.jpg,data/raw/acne_1024/acne1_1024/levle1_605.jpg,levle1_605.jpg,1,Level 1 (Mild),6-20 Lesions,134.37,val
data/raw/acne_1024/acne1_1024/levle1_606.jpg,data/raw/acne_1024/acne1_1024/levle1_606.jpg,levle1_606.jpg,1,Level 1 (Mild),6-20 Lesions,132.57,val
data/raw/acne_1024/acne1_1024/levle1_607.jpg,data/raw/acne_1024/acne1_1024/levle1_607.jpg,levle1_607.jpg,1,Level 1 (Mild),6-20 Lesions,107.41,train
data/raw/acne_1024/acne1_1024/levle1_608.jpg,data/raw/acne_1024/acne1_1024/levle1_608.jpg,levle1_608.jpg,1,Level 1 (Mild),6-20 Lesions,127.67,train
data/raw/acne_1024/acne1_1024/levle1_609.jpg,data/raw/acne_1024/acne1_1024/levle1_609.jpg,levle1_609.jpg,1,Level 1 (Mild),6-20 Lesions,111.16,train
data/raw/acne_1024/acne1_1024/levle1_61.jpg,data/raw/acne_1024/acne1_1024/levle1_61.jpg,levle1_61.jpg,1,Level 1 (Mild),6-20 Lesions,81.9,train
data/raw/acne_1024/acne1_1024/levle1_610.jpg,data/raw/acne_1024/acne1_1024/levle1_610.jpg,levle1_610.jpg,1,Level 1 (Mild),6-20 Lesions,111.68,train
data/raw/acne_1024/acne1_1024/levle1_611.jpg,data/raw/acne_1024/acne1_1024/levle1_611.jpg,levle1_611.jpg,1,Level 1 (Mild),6-20 Lesions,111.68,train
data/raw/acne_1024/acne1_1024/levle1_612.jpg,data/raw/acne_1024/acne1_1024/levle1_612.jpg,levle1_612.jpg,1,Level 1 (Mild),6-20 Lesions,133.01,train
data/raw/acne_1024/acne1_1024/levle1_613.jpg,data/raw/acne_1024/acne1_1024/levle1_613.jpg,levle1_613.jpg,1,Level 1 (Mild),6-20 Lesions,129.92,test
data/raw/acne_1024/acne1_1024/levle1_614.jpg,data/raw/acne_1024/acne1_1024/levle1_614.jpg,levle1_614.jpg,1,Level 1 (Mild),6-20 Lesions,134.39,train
data/raw/acne_1024/acne1_1024/levle1_615.jpg,data/raw/acne_1024/acne1_1024/levle1_615.jpg,levle1_615.jpg,1,Level 1 (Mild),6-20 Lesions,116.41,train
data/raw/acne_1024/acne1_1024/levle1_616.jpg,data/raw/acne_1024/acne1_1024/levle1_616.jpg,levle1_616.jpg,1,Level 1 (Mild),6-20 Lesions,102.39,train
data/raw/acne_1024/acne1_1024/levle1_617.jpg,data/raw/acne_1024/acne1_1024/levle1_617.jpg,levle1_617.jpg,1,Level 1 (Mild),6-20 Lesions,104.74,train
data/raw/acne_1024/acne1_1024/levle1_618.jpg,data/raw/acne_1024/acne1_1024/levle1_618.jpg,levle1_618.jpg,1,Level 1 (Mild),6-20 Lesions,115.05,train
data/raw/acne_1024/acne1_1024/levle1_619.jpg,data/raw/acne_1024/acne1_1024/levle1_619.jpg,levle1_619.jpg,1,Level 1 (Mild),6-20 Lesions,112.11,train
data/raw/acne_1024/acne1_1024/levle1_62.jpg,data/raw/acne_1024/acne1_1024/levle1_62.jpg,levle1_62.jpg,1,Level 1 (Mild),6-20 Lesions,103.47,test
data/raw/acne_1024/acne1_1024/levle1_620.jpg,data/raw/acne_1024/acne1_1024/levle1_620.jpg,levle1_620.jpg,1,Level 1 (Mild),6-20 Lesions,112.76,val
data/raw/acne_1024/acne1_1024/levle1_621.jpg,data/raw/acne_1024/acne1_1024/levle1_621.jpg,levle1_621.jpg,1,Level 1 (Mild),6-20 Lesions,123.66,test
data/raw/acne_1024/acne1_1024/levle1_622.jpg,data/raw/acne_1024/acne1_1024/levle1_622.jpg,levle1_622.jpg,1,Level 1 (Mild),6-20 Lesions,111.4,train
data/raw/acne_1024/acne1_1024/levle1_623.jpg,data/raw/acne_1024/acne1_1024/levle1_623.jpg,levle1_623.jpg,1,Level 1 (Mild),6-20 Lesions,121.54,val
data/raw/acne_1024/acne1_1024/levle1_624.jpg,data/raw/acne_1024/acne1_1024/levle1_624.jpg,levle1_624.jpg,1,Level 1 (Mild),6-20 Lesions,114.76,train
data/raw/acne_1024/acne1_1024/levle1_625.jpg,data/raw/acne_1024/acne1_1024/levle1_625.jpg,levle1_625.jpg,1,Level 1 (Mild),6-20 Lesions,125.55,val
data/raw/acne_1024/acne1_1024/levle1_626.jpg,data/raw/acne_1024/acne1_1024/levle1_626.jpg,levle1_626.jpg,1,Level 1 (Mild),6-20 Lesions,138.28,train
data/raw/acne_1024/acne1_1024/levle1_627.jpg,data/raw/acne_1024/acne1_1024/levle1_627.jpg,levle1_627.jpg,1,Level 1 (Mild),6-20 Lesions,104.67,train
data/raw/acne_1024/acne1_1024/levle1_628.jpg,data/raw/acne_1024/acne1_1024/levle1_628.jpg,levle1_628.jpg,1,Level 1 (Mild),6-20 Lesions,105.88,test
data/raw/acne_1024/acne1_1024/levle1_629.jpg,data/raw/acne_1024/acne1_1024/levle1_629.jpg,levle1_629.jpg,1,Level 1 (Mild),6-20 Lesions,126.41,train
data/raw/acne_1024/acne1_1024/levle1_63.jpg,data/raw/acne_1024/acne1_1024/levle1_63.jpg,levle1_63.jpg,1,Level 1 (Mild),6-20 Lesions,103.13,train
data/raw/acne_1024/acne1_1024/levle1_630.jpg,data/raw/acne_1024/acne1_1024/levle1_630.jpg,levle1_630.jpg,1,Level 1 (Mild),6-20 Lesions,104.46,test
data/raw/acne_1024/acne1_1024/levle1_631.jpg,data/raw/acne_1024/acne1_1024/levle1_631.jpg,levle1_631.jpg,1,Level 1 (Mild),6-20 Lesions,94.94,train
data/raw/acne_1024/acne1_1024/levle1_632.jpg,data/raw/acne_1024/acne1_1024/levle1_632.jpg,levle1_632.jpg,1,Level 1 (Mild),6-20 Lesions,127.89,val
data/raw/acne_1024/acne1_1024/levle1_633.jpg,data/raw/acne_1024/acne1_1024/levle1_633.jpg,levle1_633.jpg,1,Level 1 (Mild),6-20 Lesions,121.07,train
data/raw/acne_1024/acne1_1024/levle1_634.jpg,data/raw/acne_1024/acne1_1024/levle1_634.jpg,levle1_634.jpg,1,Level 1 (Mild),6-20 Lesions,101.95,val
data/raw/acne_1024/acne1_1024/levle1_635.jpg,data/raw/acne_1024/acne1_1024/levle1_635.jpg,levle1_635.jpg,1,Level 1 (Mild),6-20 Lesions,158.55,val
data/raw/acne_1024/acne1_1024/levle1_636.jpg,data/raw/acne_1024/acne1_1024/levle1_636.jpg,levle1_636.jpg,1,Level 1 (Mild),6-20 Lesions,151.23,train
data/raw/acne_1024/acne1_1024/levle1_637.jpg,data/raw/acne_1024/acne1_1024/levle1_637.jpg,levle1_637.jpg,1,Level 1 (Mild),6-20 Lesions,153.04,train
data/raw/acne_1024/acne1_1024/levle1_638.jpg,data/raw/acne_1024/acne1_1024/levle1_638.jpg,levle1_638.jpg,1,Level 1 (Mild),6-20 Lesions,45.39,train
data/raw/acne_1024/acne1_1024/levle1_639.jpg,data/raw/acne_1024/acne1_1024/levle1_639.jpg,levle1_639.jpg,1,Level 1 (Mild),6-20 Lesions,53.71,train
data/raw/acne_1024/acne1_1024/levle1_64.jpg,data/raw/acne_1024/acne1_1024/levle1_64.jpg,levle1_64.jpg,1,Level 1 (Mild),6-20 Lesions,98.51,train
data/raw/acne_1024/acne1_1024/levle1_640.jpg,data/raw/acne_1024/acne1_1024/levle1_640.jpg,levle1_640.jpg,1,Level 1 (Mild),6-20 Lesions,57.72,train
data/raw/acne_1024/acne1_1024/levle1_641.jpg,data/raw/acne_1024/acne1_1024/levle1_641.jpg,levle1_641.jpg,1,Level 1 (Mild),6-20 Lesions,43.92,train
data/raw/acne_1024/acne1_1024/levle1_65.jpg,data/raw/acne_1024/acne1_1024/levle1_65.jpg,levle1_65.jpg,1,Level 1 (Mild),6-20 Lesions,103.71,train
data/raw/acne_1024/acne1_1024/levle1_66.jpg,data/raw/acne_1024/acne1_1024/levle1_66.jpg,levle1_66.jpg,1,Level 1 (Mild),6-20 Lesions,105.42,train
data/raw/acne_1024/acne1_1024/levle1_67.jpg,data/raw/acne_1024/acne1_1024/levle1_67.jpg,levle1_67.jpg,1,Level 1 (Mild),6-20 Lesions,109.64,train
data/raw/acne_1024/acne1_1024/levle1_68.jpg,data/raw/acne_1024/acne1_1024/levle1_68.jpg,levle1_68.jpg,1,Level 1 (Mild),6-20 Lesions,127.76,train
data/raw/acne_1024/acne1_1024/levle1_69.jpg,data/raw/acne_1024/acne1_1024/levle1_69.jpg,levle1_69.jpg,1,Level 1 (Mild),6-20 Lesions,128.54,train
data/raw/acne_1024/acne1_1024/levle1_7.jpg,data/raw/acne_1024/acne1_1024/levle1_7.jpg,levle1_7.jpg,1,Level 1 (Mild),6-20 Lesions,59.61,train
data/raw/acne_1024/acne1_1024/levle1_70.jpg,data/raw/acne_1024/acne1_1024/levle1_70.jpg,levle1_70.jpg,1,Level 1 (Mild),6-20 Lesions,86.77,train
data/raw/acne_1024/acne1_1024/levle1_71.jpg,data/raw/acne_1024/acne1_1024/levle1_71.jpg,levle1_71.jpg,1,Level 1 (Mild),6-20 Lesions,85.19,train
data/raw/acne_1024/acne1_1024/levle1_72.jpg,data/raw/acne_1024/acne1_1024/levle1_72.jpg,levle1_72.jpg,1,Level 1 (Mild),6-20 Lesions,80.82,train
data/raw/acne_1024/acne1_1024/levle1_74.jpg,data/raw/acne_1024/acne1_1024/levle1_74.jpg,levle1_74.jpg,1,Level 1 (Mild),6-20 Lesions,95.77,test
data/raw/acne_1024/acne1_1024/levle1_75.jpg,data/raw/acne_1024/acne1_1024/levle1_75.jpg,levle1_75.jpg,1,Level 1 (Mild),6-20 Lesions,83.15,train
data/raw/acne_1024/acne1_1024/levle1_76.jpg,data/raw/acne_1024/acne1_1024/levle1_76.jpg,levle1_76.jpg,1,Level 1 (Mild),6-20 Lesions,89.32,val
data/raw/acne_1024/acne1_1024/levle1_77.jpg,data/raw/acne_1024/acne1_1024/levle1_77.jpg,levle1_77.jpg,1,Level 1 (Mild),6-20 Lesions,81.0,test
data/raw/acne_1024/acne1_1024/levle1_78.jpg,data/raw/acne_1024/acne1_1024/levle1_78.jpg,levle1_78.jpg,1,Level 1 (Mild),6-20 Lesions,96.98,train
data/raw/acne_1024/acne1_1024/levle1_79.jpg,data/raw/acne_1024/acne1_1024/levle1_79.jpg,levle1_79.jpg,1,Level 1 (Mild),6-20 Lesions,87.84,test
data/raw/acne_1024/acne1_1024/levle1_8.jpg,data/raw/acne_1024/acne1_1024/levle1_8.jpg,levle1_8.jpg,1,Level 1 (Mild),6-20 Lesions,50.91,train
data/raw/acne_1024/acne1_1024/levle1_80.jpg,data/raw/acne_1024/acne1_1024/levle1_80.jpg,levle1_80.jpg,1,Level 1 (Mild),6-20 Lesions,99.13,val
data/raw/acne_1024/acne1_1024/levle1_81.jpg,data/raw/acne_1024/acne1_1024/levle1_81.jpg,levle1_81.jpg,1,Level 1 (Mild),6-20 Lesions,82.83,test
data/raw/acne_1024/acne1_1024/levle1_82.jpg,data/raw/acne_1024/acne1_1024/levle1_82.jpg,levle1_82.jpg,1,Level 1 (Mild),6-20 Lesions,79.41,test
data/raw/acne_1024/acne1_1024/levle1_83.jpg,data/raw/acne_1024/acne1_1024/levle1_83.jpg,levle1_83.jpg,1,Level 1 (Mild),6-20 Lesions,109.83,train
data/raw/acne_1024/acne1_1024/levle1_84.jpg,data/raw/acne_1024/acne1_1024/levle1_84.jpg,levle1_84.jpg,1,Level 1 (Mild),6-20 Lesions,110.37,test
data/raw/acne_1024/acne1_1024/levle1_85.jpg,data/raw/acne_1024/acne1_1024/levle1_85.jpg,levle1_85.jpg,1,Level 1 (Mild),6-20 Lesions,90.43,train
data/raw/acne_1024/acne1_1024/levle1_87.jpg,data/raw/acne_1024/acne1_1024/levle1_87.jpg,levle1_87.jpg,1,Level 1 (Mild),6-20 Lesions,88.53,train
data/raw/acne_1024/acne1_1024/levle1_88.jpg,data/raw/acne_1024/acne1_1024/levle1_88.jpg,levle1_88.jpg,1,Level 1 (Mild),6-20 Lesions,91.35,train
data/raw/acne_1024/acne1_1024/levle1_89.jpg,data/raw/acne_1024/acne1_1024/levle1_89.jpg,levle1_89.jpg,1,Level 1 (Mild),6-20 Lesions,101.15,test
data/raw/acne_1024/acne1_1024/levle1_9.jpg,data/raw/acne_1024/acne1_1024/levle1_9.jpg,levle1_9.jpg,1,Level 1 (Mild),6-20 Lesions,70.98,train
data/raw/acne_1024/acne1_1024/levle1_90.jpg,data/raw/acne_1024/acne1_1024/levle1_90.jpg,levle1_90.jpg,1,Level 1 (Mild),6-20 Lesions,85.06,train
data/raw/acne_1024/acne1_1024/levle1_91.jpg,data/raw/acne_1024/acne1_1024/levle1_91.jpg,levle1_91.jpg,1,Level 1 (Mild),6-20 Lesions,107.67,train
data/raw/acne_1024/acne1_1024/levle1_92.jpg,data/raw/acne_1024/acne1_1024/levle1_92.jpg,levle1_92.jpg,1,Level 1 (Mild),6-20 Lesions,88.81,train
data/raw/acne_1024/acne1_1024/levle1_93.jpg,data/raw/acne_1024/acne1_1024/levle1_93.jpg,levle1_93.jpg,1,Level 1 (Mild),6-20 Lesions,109.37,train
data/raw/acne_1024/acne1_1024/levle1_94.jpg,data/raw/acne_1024/acne1_1024/levle1_94.jpg,levle1_94.jpg,1,Level 1 (Mild),6-20 Lesions,79.31,train
data/raw/acne_1024/acne1_1024/levle1_95.jpg,data/raw/acne_1024/acne1_1024/levle1_95.jpg,levle1_95.jpg,1,Level 1 (Mild),6-20 Lesions,89.51,train
data/raw/acne_1024/acne1_1024/levle1_96.jpg,data/raw/acne_1024/acne1_1024/levle1_96.jpg,levle1_96.jpg,1,Level 1 (Mild),6-20 Lesions,82.39,train
data/raw/acne_1024/acne1_1024/levle1_97.jpg,data/raw/acne_1024/acne1_1024/levle1_97.jpg,levle1_97.jpg,1,Level 1 (Mild),6-20 Lesions,60.59,val
data/raw/acne_1024/acne1_1024/levle1_98.jpg,data/raw/acne_1024/acne1_1024/levle1_98.jpg,levle1_98.jpg,1,Level 1 (Mild),6-20 Lesions,81.13,train
data/raw/acne_1024/acne1_1024/levle1_99.jpg,data/raw/acne_1024/acne1_1024/levle1_99.jpg,levle1_99.jpg,1,Level 1 (Mild),6-20 Lesions,114.69,train
data/raw/acne_1024/acne2_1024/levle2_100.jpg,data/raw/acne_1024/acne2_1024/levle2_100.jpg,levle2_100.jpg,2,Level 2 (Moderate),21-50 Lesions,167.35,test
data/raw/acne_1024/acne2_1024/levle2_101.jpg,data/raw/acne_1024/acne2_1024/levle2_101.jpg,levle2_101.jpg,2,Level 2 (Moderate),21-50 Lesions,102.56,train
data/raw/acne_1024/acne2_1024/levle2_102.jpg,data/raw/acne_1024/acne2_1024/levle2_102.jpg,levle2_102.jpg,2,Level 2 (Moderate),21-50 Lesions,103.96,train
data/raw/acne_1024/acne2_1024/levle2_105.jpg,data/raw/acne_1024/acne2_1024/levle2_105.jpg,levle2_105.jpg,2,Level 2 (Moderate),21-50 Lesions,123.1,train
data/raw/acne_1024/acne2_1024/levle2_106.jpg,data/raw/acne_1024/acne2_1024/levle2_106.jpg,levle2_106.jpg,2,Level 2 (Moderate),21-50 Lesions,132.88,train
data/raw/acne_1024/acne2_1024/levle2_107.jpg,data/raw/acne_1024/acne2_1024/levle2_107.jpg,levle2_107.jpg,2,Level 2 (Moderate),21-50 Lesions,130.76,train
data/raw/acne_1024/acne2_1024/levle2_108.jpg,data/raw/acne_1024/acne2_1024/levle2_108.jpg,levle2_108.jpg,2,Level 2 (Moderate),21-50 Lesions,140.75,train
data/raw/acne_1024/acne2_1024/levle2_109.jpg,data/raw/acne_1024/acne2_1024/levle2_109.jpg,levle2_109.jpg,2,Level 2 (Moderate),21-50 Lesions,165.85,train
data/raw/acne_1024/acne2_1024/levle2_11.jpg,data/raw/acne_1024/acne2_1024/levle2_11.jpg,levle2_11.jpg,2,Level 2 (Moderate),21-50 Lesions,71.32,train
data/raw/acne_1024/acne2_1024/levle2_110.jpg,data/raw/acne_1024/acne2_1024/levle2_110.jpg,levle2_110.jpg,2,Level 2 (Moderate),21-50 Lesions,167.73,train
data/raw/acne_1024/acne2_1024/levle2_111.jpg,data/raw/acne_1024/acne2_1024/levle2_111.jpg,levle2_111.jpg,2,Level 2 (Moderate),21-50 Lesions,163.52,val
data/raw/acne_1024/acne2_1024/levle2_112.jpg,data/raw/acne_1024/acne2_1024/levle2_112.jpg,levle2_112.jpg,2,Level 2 (Moderate),21-50 Lesions,167.44,train
data/raw/acne_1024/acne2_1024/levle2_113.jpg,data/raw/acne_1024/acne2_1024/levle2_113.jpg,levle2_113.jpg,2,Level 2 (Moderate),21-50 Lesions,159.32,train
data/raw/acne_1024/acne2_1024/levle2_114.jpg,data/raw/acne_1024/acne2_1024/levle2_114.jpg,levle2_114.jpg,2,Level 2 (Moderate),21-50 Lesions,109.26,train
data/raw/acne_1024/acne2_1024/levle2_115.jpg,data/raw/acne_1024/acne2_1024/levle2_115.jpg,levle2_115.jpg,2,Level 2 (Moderate),21-50 Lesions,117.77,train
data/raw/acne_1024/acne2_1024/levle2_117.jpg,data/raw/acne_1024/acne2_1024/levle2_117.jpg,levle2_117.jpg,2,Level 2 (Moderate),21-50 Lesions,127.6,train
data/raw/acne_1024/acne2_1024/levle2_118.jpg,data/raw/acne_1024/acne2_1024/levle2_118.jpg,levle2_118.jpg,2,Level 2 (Moderate),21-50 Lesions,136.89,train
data/raw/acne_1024/acne2_1024/levle2_119.jpg,data/raw/acne_1024/acne2_1024/levle2_119.jpg,levle2_119.jpg,2,Level 2 (Moderate),21-50 Lesions,133.3,train
data/raw/acne_1024/acne2_1024/levle2_12.jpg,data/raw/acne_1024/acne2_1024/levle2_12.jpg,levle2_12.jpg,2,Level 2 (Moderate),21-50 Lesions,51.95,train
data/raw/acne_1024/acne2_1024/levle2_120.jpg,data/raw/acne_1024/acne2_1024/levle2_120.jpg,levle2_120.jpg,2,Level 2 (Moderate),21-50 Lesions,105.75,train
data/raw/acne_1024/acne2_1024/levle2_121.jpg,data/raw/acne_1024/acne2_1024/levle2_121.jpg,levle2_121.jpg,2,Level 2 (Moderate),21-50 Lesions,136.32,train
data/raw/acne_1024/acne2_1024/levle2_122.jpg,data/raw/acne_1024/acne2_1024/levle2_122.jpg,levle2_122.jpg,2,Level 2 (Moderate),21-50 Lesions,122.66,train
data/raw/acne_1024/acne2_1024/levle2_123.jpg,data/raw/acne_1024/acne2_1024/levle2_123.jpg,levle2_123.jpg,2,Level 2 (Moderate),21-50 Lesions,49.51,test
data/raw/acne_1024/acne2_1024/levle2_124.jpg,data/raw/acne_1024/acne2_1024/levle2_124.jpg,levle2_124.jpg,2,Level 2 (Moderate),21-50 Lesions,101.71,train
data/raw/acne_1024/acne2_1024/levle2_125.jpg,data/raw/acne_1024/acne2_1024/levle2_125.jpg,levle2_125.jpg,2,Level 2 (Moderate),21-50 Lesions,109.47,test
data/raw/acne_1024/acne2_1024/levle2_126.jpg,data/raw/acne_1024/acne2_1024/levle2_126.jpg,levle2_126.jpg,2,Level 2 (Moderate),21-50 Lesions,130.69,train
data/raw/acne_1024/acne2_1024/levle2_127.jpg,data/raw/acne_1024/acne2_1024/levle2_127.jpg,levle2_127.jpg,2,Level 2 (Moderate),21-50 Lesions,46.18,train
data/raw/acne_1024/acne2_1024/levle2_128.jpg,data/raw/acne_1024/acne2_1024/levle2_128.jpg,levle2_128.jpg,2,Level 2 (Moderate),21-50 Lesions,67.7,train
data/raw/acne_1024/acne2_1024/levle2_129.jpg,data/raw/acne_1024/acne2_1024/levle2_129.jpg,levle2_129.jpg,2,Level 2 (Moderate),21-50 Lesions,120.83,test
data/raw/acne_1024/acne2_1024/levle2_13.jpg,data/raw/acne_1024/acne2_1024/levle2_13.jpg,levle2_13.jpg,2,Level 2 (Moderate),21-50 Lesions,49.71,train
data/raw/acne_1024/acne2_1024/levle2_130.jpg,data/raw/acne_1024/acne2_1024/levle2_130.jpg,levle2_130.jpg,2,Level 2 (Moderate),21-50 Lesions,135.94,test
data/raw/acne_1024/acne2_1024/levle2_131.jpg,data/raw/acne_1024/acne2_1024/levle2_131.jpg,levle2_131.jpg,2,Level 2 (Moderate),21-50 Lesions,123.14,train
data/raw/acne_1024/acne2_1024/levle2_132.jpg,data/raw/acne_1024/acne2_1024/levle2_132.jpg,levle2_132.jpg,2,Level 2 (Moderate),21-50 Lesions,126.61,train
data/raw/acne_1024/acne2_1024/levle2_134.jpg,data/raw/acne_1024/acne2_1024/levle2_134.jpg,levle2_134.jpg,2,Level 2 (Moderate),21-50 Lesions,125.13,train
data/raw/acne_1024/acne2_1024/levle2_135.jpg,data/raw/acne_1024/acne2_1024/levle2_135.jpg,levle2_135.jpg,2,Level 2 (Moderate),21-50 Lesions,99.46,val
data/raw/acne_1024/acne2_1024/levle2_136.jpg,data/raw/acne_1024/acne2_1024/levle2_136.jpg,levle2_136.jpg,2,Level 2 (Moderate),21-50 Lesions,115.2,train
data/raw/acne_1024/acne2_1024/levle2_137.jpg,data/raw/acne_1024/acne2_1024/levle2_137.jpg,levle2_137.jpg,2,Level 2 (Moderate),21-50 Lesions,124.92,test
data/raw/acne_1024/acne2_1024/levle2_138.jpg,data/raw/acne_1024/acne2_1024/levle2_138.jpg,levle2_138.jpg,2,Level 2 (Moderate),21-50 Lesions,90.65,test
data/raw/acne_1024/acne2_1024/levle2_139.jpg,data/raw/acne_1024/acne2_1024/levle2_139.jpg,levle2_139.jpg,2,Level 2 (Moderate),21-50 Lesions,73.38,train
data/raw/acne_1024/acne2_1024/levle2_14.jpg,data/raw/acne_1024/acne2_1024/levle2_14.jpg,levle2_14.jpg,2,Level 2 (Moderate),21-50 Lesions,53.92,val
data/raw/acne_1024/acne2_1024/levle2_140.jpg,data/raw/acne_1024/acne2_1024/levle2_140.jpg,levle2_140.jpg,2,Level 2 (Moderate),21-50 Lesions,77.73,test
data/raw/acne_1024/acne2_1024/levle2_141.jpg,data/raw/acne_1024/acne2_1024/levle2_141.jpg,levle2_141.jpg,2,Level 2 (Moderate),21-50 Lesions,79.93,train
data/raw/acne_1024/acne2_1024/levle2_142.jpg,data/raw/acne_1024/acne2_1024/levle2_142.jpg,levle2_142.jpg,2,Level 2 (Moderate),21-50 Lesions,92.94,train
data/raw/acne_1024/acne2_1024/levle2_143.jpg,data/raw/acne_1024/acne2_1024/levle2_143.jpg,levle2_143.jpg,2,Level 2 (Moderate),21-50 Lesions,98.97,train
data/raw/acne_1024/acne2_1024/levle2_144.jpg,data/raw/acne_1024/acne2_1024/levle2_144.jpg,levle2_144.jpg,2,Level 2 (Moderate),21-50 Lesions,89.71,train
data/raw/acne_1024/acne2_1024/levle2_145.jpg,data/raw/acne_1024/acne2_1024/levle2_145.jpg,levle2_145.jpg,2,Level 2 (Moderate),21-50 Lesions,125.78,val
data/raw/acne_1024/acne2_1024/levle2_146.jpg,data/raw/acne_1024/acne2_1024/levle2_146.jpg,levle2_146.jpg,2,Level 2 (Moderate),21-50 Lesions,104.67,test
data/raw/acne_1024/acne2_1024/levle2_147.jpg,data/raw/acne_1024/acne2_1024/levle2_147.jpg,levle2_147.jpg,2,Level 2 (Moderate),21-50 Lesions,91.05,train
data/raw/acne_1024/acne2_1024/levle2_148.jpg,data/raw/acne_1024/acne2_1024/levle2_148.jpg,levle2_148.jpg,2,Level 2 (Moderate),21-50 Lesions,120.17,train
data/raw/acne_1024/acne2_1024/levle2_149.jpg,data/raw/acne_1024/acne2_1024/levle2_149.jpg,levle2_149.jpg,2,Level 2 (Moderate),21-50 Lesions,105.15,train
data/raw/acne_1024/acne2_1024/levle2_15.jpg,data/raw/acne_1024/acne2_1024/levle2_15.jpg,levle2_15.jpg,2,Level 2 (Moderate),21-50 Lesions,44.47,val
data/raw/acne_1024/acne2_1024/levle2_150.jpg,data/raw/acne_1024/acne2_1024/levle2_150.jpg,levle2_150.jpg,2,Level 2 (Moderate),21-50 Lesions,122.66,train
data/raw/acne_1024/acne2_1024/levle2_151.jpg,data/raw/acne_1024/acne2_1024/levle2_151.jpg,levle2_151.jpg,2,Level 2 (Moderate),21-50 Lesions,112.94,test
data/raw/acne_1024/acne2_1024/levle2_152.jpg,data/raw/acne_1024/acne2_1024/levle2_152.jpg,levle2_152.jpg,2,Level 2 (Moderate),21-50 Lesions,135.4,train
data/raw/acne_1024/acne2_1024/levle2_153.jpg,data/raw/acne_1024/acne2_1024/levle2_153.jpg,levle2_153.jpg,2,Level 2 (Moderate),21-50 Lesions,99.25,val
data/raw/acne_1024/acne2_1024/levle2_154.jpg,data/raw/acne_1024/acne2_1024/levle2_154.jpg,levle2_154.jpg,2,Level 2 (Moderate),21-50 Lesions,100.56,train
data/raw/acne_1024/acne2_1024/levle2_155.jpg,data/raw/acne_1024/acne2_1024/levle2_155.jpg,levle2_155.jpg,2,Level 2 (Moderate),21-50 Lesions,93.86,val
data/raw/acne_1024/acne2_1024/levle2_156.jpg,data/raw/acne_1024/acne2_1024/levle2_156.jpg,levle2_156.jpg,2,Level 2 (Moderate),21-50 Lesions,133.98,train
data/raw/acne_1024/acne2_1024/levle2_157.jpg,data/raw/acne_1024/acne2_1024/levle2_157.jpg,levle2_157.jpg,2,Level 2 (Moderate),21-50 Lesions,118.98,train
data/raw/acne_1024/acne2_1024/levle2_158.jpg,data/raw/acne_1024/acne2_1024/levle2_158.jpg,levle2_158.jpg,2,Level 2 (Moderate),21-50 Lesions,124.81,val
data/raw/acne_1024/acne2_1024/levle2_159.jpg,data/raw/acne_1024/acne2_1024/levle2_159.jpg,levle2_159.jpg,2,Level 2 (Moderate),21-50 Lesions,123.05,train
data/raw/acne_1024/acne2_1024/levle2_16.jpg,data/raw/acne_1024/acne2_1024/levle2_16.jpg,levle2_16.jpg,2,Level 2 (Moderate),21-50 Lesions,63.79,train
data/raw/acne_1024/acne2_1024/levle2_160.jpg,data/raw/acne_1024/acne2_1024/levle2_160.jpg,levle2_160.jpg,2,Level 2 (Moderate),21-50 Lesions,147.46,test
data/raw/acne_1024/acne2_1024/levle2_161.jpg,data/raw/acne_1024/acne2_1024/levle2_161.jpg,levle2_161.jpg,2,Level 2 (Moderate),21-50 Lesions,143.79,train
data/raw/acne_1024/acne2_1024/levle2_162.jpg,data/raw/acne_1024/acne2_1024/levle2_162.jpg,levle2_162.jpg,2,Level 2 (Moderate),21-50 Lesions,117.13,train
data/raw/acne_1024/acne2_1024/levle2_163.jpg,data/raw/acne_1024/acne2_1024/levle2_163.jpg,levle2_163.jpg,2,Level 2 (Moderate),21-50 Lesions,126.53,train
data/raw/acne_1024/acne2_1024/levle2_164.jpg,data/raw/acne_1024/acne2_1024/levle2_164.jpg,levle2_164.jpg,2,Level 2 (Moderate),21-50 Lesions,135.24,train
data/raw/acne_1024/acne2_1024/levle2_165.jpg,data/raw/acne_1024/acne2_1024/levle2_165.jpg,levle2_165.jpg,2,Level 2 (Moderate),21-50 Lesions,125.21,val
data/raw/acne_1024/acne2_1024/levle2_166.jpg,data/raw/acne_1024/acne2_1024/levle2_166.jpg,levle2_166.jpg,2,Level 2 (Moderate),21-50 Lesions,137.55,train
data/raw/acne_1024/acne2_1024/levle2_167.jpg,data/raw/acne_1024/acne2_1024/levle2_167.jpg,levle2_167.jpg,2,Level 2 (Moderate),21-50 Lesions,119.39,train
data/raw/acne_1024/acne2_1024/levle2_168.jpg,data/raw/acne_1024/acne2_1024/levle2_168.jpg,levle2_168.jpg,2,Level 2 (Moderate),21-50 Lesions,129.22,train
data/raw/acne_1024/acne2_1024/levle2_169.jpg,data/raw/acne_1024/acne2_1024/levle2_169.jpg,levle2_169.jpg,2,Level 2 (Moderate),21-50 Lesions,153.63,test
data/raw/acne_1024/acne2_1024/levle2_170.jpg,data/raw/acne_1024/acne2_1024/levle2_170.jpg,levle2_170.jpg,2,Level 2 (Moderate),21-50 Lesions,162.1,train
data/raw/acne_1024/acne2_1024/levle2_171.jpg,data/raw/acne_1024/acne2_1024/levle2_171.jpg,levle2_171.jpg,2,Level 2 (Moderate),21-50 Lesions,141.33,test
data/raw/acne_1024/acne2_1024/levle2_172.jpg,data/raw/acne_1024/acne2_1024/levle2_172.jpg,levle2_172.jpg,2,Level 2 (Moderate),21-50 Lesions,147.06,test
data/raw/acne_1024/acne2_1024/levle2_173.jpg,data/raw/acne_1024/acne2_1024/levle2_173.jpg,levle2_173.jpg,2,Level 2 (Moderate),21-50 Lesions,110.82,train
data/raw/acne_1024/acne2_1024/levle2_174.jpg,data/raw/acne_1024/acne2_1024/levle2_174.jpg,levle2_174.jpg,2,Level 2 (Moderate),21-50 Lesions,157.87,train
data/raw/acne_1024/acne2_1024/levle2_175.jpg,data/raw/acne_1024/acne2_1024/levle2_175.jpg,levle2_175.jpg,2,Level 2 (Moderate),21-50 Lesions,154.44,train
data/raw/acne_1024/acne2_1024/levle2_176.jpg,data/raw/acne_1024/acne2_1024/levle2_176.jpg,levle2_176.jpg,2,Level 2 (Moderate),21-50 Lesions,159.86,train
data/raw/acne_1024/acne2_1024/levle2_177.jpg,data/raw/acne_1024/acne2_1024/levle2_177.jpg,levle2_177.jpg,2,Level 2 (Moderate),21-50 Lesions,131.78,train
data/raw/acne_1024/acne2_1024/levle2_178.jpg,data/raw/acne_1024/acne2_1024/levle2_178.jpg,levle2_178.jpg,2,Level 2 (Moderate),21-50 Lesions,135.19,train
data/raw/acne_1024/acne2_1024/levle2_179.jpg,data/raw/acne_1024/acne2_1024/levle2_179.jpg,levle2_179.jpg,2,Level 2 (Moderate),21-50 Lesions,125.36,train
data/raw/acne_1024/acne2_1024/levle2_18.jpg,data/raw/acne_1024/acne2_1024/levle2_18.jpg,levle2_18.jpg,2,Level 2 (Moderate),21-50 Lesions,95.22,train
data/raw/acne_1024/acne2_1024/levle2_180.jpg,data/raw/acne_1024/acne2_1024/levle2_180.jpg,levle2_180.jpg,2,Level 2 (Moderate),21-50 Lesions,144.23,train
data/raw/acne_1024/acne2_1024/levle2_181.jpg,data/raw/acne_1024/acne2_1024/levle2_181.jpg,levle2_181.jpg,2,Level 2 (Moderate),21-50 Lesions,112.39,train
data/raw/acne_1024/acne2_1024/levle2_182.jpg,data/raw/acne_1024/acne2_1024/levle2_182.jpg,levle2_182.jpg,2,Level 2 (Moderate),21-50 Lesions,119.48,train
data/raw/acne_1024/acne2_1024/levle2_183.jpg,data/raw/acne_1024/acne2_1024/levle2_183.jpg,levle2_183.jpg,2,Level 2 (Moderate),21-50 Lesions,153.98,train
data/raw/acne_1024/acne2_1024/levle2_184.jpg,data/raw/acne_1024/acne2_1024/levle2_184.jpg,levle2_184.jpg,2,Level 2 (Moderate),21-50 Lesions,112.42,train
data/raw/acne_1024/acne2_1024/levle2_185.jpg,data/raw/acne_1024/acne2_1024/levle2_185.jpg,levle2_185.jpg,2,Level 2 (Moderate),21-50 Lesions,124.23,train
data/raw/acne_1024/acne2_1024/levle2_186.jpg,data/raw/acne_1024/acne2_1024/levle2_186.jpg,levle2_186.jpg,2,Level 2 (Moderate),21-50 Lesions,114.42,val
data/raw/acne_1024/acne2_1024/levle2_187.jpg,data/raw/acne_1024/acne2_1024/levle2_187.jpg,levle2_187.jpg,2,Level 2 (Moderate),21-50 Lesions,102.32,train
data/raw/acne_1024/acne2_1024/levle2_188.jpg,data/raw/acne_1024/acne2_1024/levle2_188.jpg,levle2_188.jpg,2,Level 2 (Moderate),21-50 Lesions,56.35,val
data/raw/acne_1024/acne2_1024/levle2_189.jpg,data/raw/acne_1024/acne2_1024/levle2_189.jpg,levle2_189.jpg,2,Level 2 (Moderate),21-50 Lesions,99.99,train
data/raw/acne_1024/acne2_1024/levle2_19.jpg,data/raw/acne_1024/acne2_1024/levle2_19.jpg,levle2_19.jpg,2,Level 2 (Moderate),21-50 Lesions,47.09,train
data/raw/acne_1024/acne2_1024/levle2_190.jpg,data/raw/acne_1024/acne2_1024/levle2_190.jpg,levle2_190.jpg,2,Level 2 (Moderate),21-50 Lesions,105.04,train
data/raw/acne_1024/acne2_1024/levle2_2.jpg,data/raw/acne_1024/acne2_1024/levle2_2.jpg,levle2_2.jpg,2,Level 2 (Moderate),21-50 Lesions,66.91,train
data/raw/acne_1024/acne2_1024/levle2_20.jpg,data/raw/acne_1024/acne2_1024/levle2_20.jpg,levle2_20.jpg,2,Level 2 (Moderate),21-50 Lesions,79.17,train
data/raw/acne_1024/acne2_1024/levle2_21.jpg,data/raw/acne_1024/acne2_1024/levle2_21.jpg,levle2_21.jpg,2,Level 2 (Moderate),21-50 Lesions,71.78,train
data/raw/acne_1024/acne2_1024/levle2_24.jpg,data/raw/acne_1024/acne2_1024/levle2_24.jpg,levle2_24.jpg,2,Level 2 (Moderate),21-50 Lesions,78.79,train
data/raw/acne_1024/acne2_1024/levle2_25.jpg,data/raw/acne_1024/acne2_1024/levle2_25.jpg,levle2_25.jpg,2,Level 2 (Moderate),21-50 Lesions,47.48,val
data/raw/acne_1024/acne2_1024/levle2_26.jpg,data/raw/acne_1024/acne2_1024/levle2_26.jpg,levle2_26.jpg,2,Level 2 (Moderate),21-50 Lesions,85.86,test
data/raw/acne_1024/acne2_1024/levle2_27.jpg,data/raw/acne_1024/acne2_1024/levle2_27.jpg,levle2_27.jpg,2,Level 2 (Moderate),21-50 Lesions,128.51,train
data/raw/acne_1024/acne2_1024/levle2_28.jpg,data/raw/acne_1024/acne2_1024/levle2_28.jpg,levle2_28.jpg,2,Level 2 (Moderate),21-50 Lesions,121.55,train
data/raw/acne_1024/acne2_1024/levle2_29.jpg,data/raw/acne_1024/acne2_1024/levle2_29.jpg,levle2_29.jpg,2,Level 2 (Moderate),21-50 Lesions,79.32,val
data/raw/acne_1024/acne2_1024/levle2_30.jpg,data/raw/acne_1024/acne2_1024/levle2_30.jpg,levle2_30.jpg,2,Level 2 (Moderate),21-50 Lesions,102.92,train
data/raw/acne_1024/acne2_1024/levle2_31.jpg,data/raw/acne_1024/acne2_1024/levle2_31.jpg,levle2_31.jpg,2,Level 2 (Moderate),21-50 Lesions,77.67,val
data/raw/acne_1024/acne2_1024/levle2_32.jpg,data/raw/acne_1024/acne2_1024/levle2_32.jpg,levle2_32.jpg,2,Level 2 (Moderate),21-50 Lesions,76.09,val
data/raw/acne_1024/acne2_1024/levle2_33.jpg,data/raw/acne_1024/acne2_1024/levle2_33.jpg,levle2_33.jpg,2,Level 2 (Moderate),21-50 Lesions,160.96,train
data/raw/acne_1024/acne2_1024/levle2_34.jpg,data/raw/acne_1024/acne2_1024/levle2_34.jpg,levle2_34.jpg,2,Level 2 (Moderate),21-50 Lesions,168.56,train
data/raw/acne_1024/acne2_1024/levle2_35.jpg,data/raw/acne_1024/acne2_1024/levle2_35.jpg,levle2_35.jpg,2,Level 2 (Moderate),21-50 Lesions,106.81,val
data/raw/acne_1024/acne2_1024/levle2_36.jpg,data/raw/acne_1024/acne2_1024/levle2_36.jpg,levle2_36.jpg,2,Level 2 (Moderate),21-50 Lesions,82.11,val
data/raw/acne_1024/acne2_1024/levle2_37.jpg,data/raw/acne_1024/acne2_1024/levle2_37.jpg,levle2_37.jpg,2,Level 2 (Moderate),21-50 Lesions,95.89,train
data/raw/acne_1024/acne2_1024/levle2_38.jpg,data/raw/acne_1024/acne2_1024/levle2_38.jpg,levle2_38.jpg,2,Level 2 (Moderate),21-50 Lesions,122.7,train
data/raw/acne_1024/acne2_1024/levle2_39.jpg,data/raw/acne_1024/acne2_1024/levle2_39.jpg,levle2_39.jpg,2,Level 2 (Moderate),21-50 Lesions,102.85,train
data/raw/acne_1024/acne2_1024/levle2_40.jpg,data/raw/acne_1024/acne2_1024/levle2_40.jpg,levle2_40.jpg,2,Level 2 (Moderate),21-50 Lesions,113.25,test
data/raw/acne_1024/acne2_1024/levle2_41.jpg,data/raw/acne_1024/acne2_1024/levle2_41.jpg,levle2_41.jpg,2,Level 2 (Moderate),21-50 Lesions,100.54,test
data/raw/acne_1024/acne2_1024/levle2_42.jpg,data/raw/acne_1024/acne2_1024/levle2_42.jpg,levle2_42.jpg,2,Level 2 (Moderate),21-50 Lesions,106.19,val
data/raw/acne_1024/acne2_1024/levle2_43.jpg,data/raw/acne_1024/acne2_1024/levle2_43.jpg,levle2_43.jpg,2,Level 2 (Moderate),21-50 Lesions,109.83,train
data/raw/acne_1024/acne2_1024/levle2_44.jpg,data/raw/acne_1024/acne2_1024/levle2_44.jpg,levle2_44.jpg,2,Level 2 (Moderate),21-50 Lesions,112.27,train
data/raw/acne_1024/acne2_1024/levle2_45.jpg,data/raw/acne_1024/acne2_1024/levle2_45.jpg,levle2_45.jpg,2,Level 2 (Moderate),21-50 Lesions,93.69,test
data/raw/acne_1024/acne2_1024/levle2_46.jpg,data/raw/acne_1024/acne2_1024/levle2_46.jpg,levle2_46.jpg,2,Level 2 (Moderate),21-50 Lesions,114.75,train
data/raw/acne_1024/acne2_1024/levle2_47.jpg,data/raw/acne_1024/acne2_1024/levle2_47.jpg,levle2_47.jpg,2,Level 2 (Moderate),21-50 Lesions,90.59,test
data/raw/acne_1024/acne2_1024/levle2_48.jpg,data/raw/acne_1024/acne2_1024/levle2_48.jpg,levle2_48.jpg,2,Level 2 (Moderate),21-50 Lesions,100.58,train
data/raw/acne_1024/acne2_1024/levle2_49.jpg,data/raw/acne_1024/acne2_1024/levle2_49.jpg,levle2_49.jpg,2,Level 2 (Moderate),21-50 Lesions,107.08,train
data/raw/acne_1024/acne2_1024/levle2_50.jpg,data/raw/acne_1024/acne2_1024/levle2_50.jpg,levle2_50.jpg,2,Level 2 (Moderate),21-50 Lesions,103.54,train
data/raw/acne_1024/acne2_1024/levle2_51.jpg,data/raw/acne_1024/acne2_1024/levle2_51.jpg,levle2_51.jpg,2,Level 2 (Moderate),21-50 Lesions,72.54,train
data/raw/acne_1024/acne2_1024/levle2_52.jpg,data/raw/acne_1024/acne2_1024/levle2_52.jpg,levle2_52.jpg,2,Level 2 (Moderate),21-50 Lesions,73.52,test
data/raw/acne_1024/acne2_1024/levle2_53.jpg,data/raw/acne_1024/acne2_1024/levle2_53.jpg,levle2_53.jpg,2,Level 2 (Moderate),21-50 Lesions,99.51,train
data/raw/acne_1024/acne2_1024/levle2_54.jpg,data/raw/acne_1024/acne2_1024/levle2_54.jpg,levle2_54.jpg,2,Level 2 (Moderate),21-50 Lesions,103.22,train
data/raw/acne_1024/acne2_1024/levle2_55.jpg,data/raw/acne_1024/acne2_1024/levle2_55.jpg,levle2_55.jpg,2,Level 2 (Moderate),21-50 Lesions,109.41,train
data/raw/acne_1024/acne2_1024/levle2_56.jpg,data/raw/acne_1024/acne2_1024/levle2_56.jpg,levle2_56.jpg,2,Level 2 (Moderate),21-50 Lesions,114.05,train
data/raw/acne_1024/acne2_1024/levle2_57.jpg,data/raw/acne_1024/acne2_1024/levle2_57.jpg,levle2_57.jpg,2,Level 2 (Moderate),21-50 Lesions,101.23,train
data/raw/acne_1024/acne2_1024/levle2_58.jpg,data/raw/acne_1024/acne2_1024/levle2_58.jpg,levle2_58.jpg,2,Level 2 (Moderate),21-50 Lesions,111.45,val
data/raw/acne_1024/acne2_1024/levle2_59.jpg,data/raw/acne_1024/acne2_1024/levle2_59.jpg,levle2_59.jpg,2,Level 2 (Moderate),21-50 Lesions,97.28,test
data/raw/acne_1024/acne2_1024/levle2_6.jpg,data/raw/acne_1024/acne2_1024/levle2_6.jpg,levle2_6.jpg,2,Level 2 (Moderate),21-50 Lesions,75.75,val
data/raw/acne_1024/acne2_1024/levle2_60.jpg,data/raw/acne_1024/acne2_1024/levle2_60.jpg,levle2_60.jpg,2,Level 2 (Moderate),21-50 Lesions,96.68,train
data/raw/acne_1024/acne2_1024/levle2_61.jpg,data/raw/acne_1024/acne2_1024/levle2_61.jpg,levle2_61.jpg,2,Level 2 (Moderate),21-50 Lesions,80.5,val
data/raw/acne_1024/acne2_1024/levle2_62.jpg,data/raw/acne_1024/acne2_1024/levle2_62.jpg,levle2_62.jpg,2,Level 2 (Moderate),21-50 Lesions,84.96,train
data/raw/acne_1024/acne2_1024/levle2_63.jpg,data/raw/acne_1024/acne2_1024/levle2_63.jpg,levle2_63.jpg,2,Level 2 (Moderate),21-50 Lesions,68.06,test
data/raw/acne_1024/acne2_1024/levle2_64.jpg,data/raw/acne_1024/acne2_1024/levle2_64.jpg,levle2_64.jpg,2,Level 2 (Moderate),21-50 Lesions,88.07,test
data/raw/acne_1024/acne2_1024/levle2_65.jpg,data/raw/acne_1024/acne2_1024/levle2_65.jpg,levle2_65.jpg,2,Level 2 (Moderate),21-50 Lesions,77.9,test
data/raw/acne_1024/acne2_1024/levle2_66.jpg,data/raw/acne_1024/acne2_1024/levle2_66.jpg,levle2_66.jpg,2,Level 2 (Moderate),21-50 Lesions,66.86,val
data/raw/acne_1024/acne2_1024/levle2_67.jpg,data/raw/acne_1024/acne2_1024/levle2_67.jpg,levle2_67.jpg,2,Level 2 (Moderate),21-50 Lesions,69.33,train
data/raw/acne_1024/acne2_1024/levle2_68.jpg,data/raw/acne_1024/acne2_1024/levle2_68.jpg,levle2_68.jpg,2,Level 2 (Moderate),21-50 Lesions,99.15,train
data/raw/acne_1024/acne2_1024/levle2_69.jpg,data/raw/acne_1024/acne2_1024/levle2_69.jpg,levle2_69.jpg,2,Level 2 (Moderate),21-50 Lesions,89.93,train
data/raw/acne_1024/acne2_1024/levle2_7.jpg,data/raw/acne_1024/acne2_1024/levle2_7.jpg,levle2_7.jpg,2,Level 2 (Moderate),21-50 Lesions,52.19,train
data/raw/acne_1024/acne2_1024/levle2_70.jpg,data/raw/acne_1024/acne2_1024/levle2_70.jpg,levle2_70.jpg,2,Level 2 (Moderate),21-50 Lesions,103.36,train
data/raw/acne_1024/acne2_1024/levle2_71.jpg,data/raw/acne_1024/acne2_1024/levle2_71.jpg,levle2_71.jpg,2,Level 2 (Moderate),21-50 Lesions,114.37,val
data/raw/acne_1024/acne2_1024/levle2_72.jpg,data/raw/acne_1024/acne2_1024/levle2_72.jpg,levle2_72.jpg,2,Level 2 (Moderate),21-50 Lesions,103.59,train
data/raw/acne_1024/acne2_1024/levle2_73.jpg,data/raw/acne_1024/acne2_1024/levle2_73.jpg,levle2_73.jpg,2,Level 2 (Moderate),21-50 Lesions,94.83,train
data/raw/acne_1024/acne2_1024/levle2_74.jpg,data/raw/acne_1024/acne2_1024/levle2_74.jpg,levle2_74.jpg,2,Level 2 (Moderate),21-50 Lesions,99.33,train
data/raw/acne_1024/acne2_1024/levle2_75.jpg,data/raw/acne_1024/acne2_1024/levle2_75.jpg,levle2_75.jpg,2,Level 2 (Moderate),21-50 Lesions,105.3,train
data/raw/acne_1024/acne2_1024/levle2_76.jpg,data/raw/acne_1024/acne2_1024/levle2_76.jpg,levle2_76.jpg,2,Level 2 (Moderate),21-50 Lesions,107.05,train
data/raw/acne_1024/acne2_1024/levle2_77.jpg,data/raw/acne_1024/acne2_1024/levle2_77.jpg,levle2_77.jpg,2,Level 2 (Moderate),21-50 Lesions,99.25,train
data/raw/acne_1024/acne2_1024/levle2_78.jpg,data/raw/acne_1024/acne2_1024/levle2_78.jpg,levle2_78.jpg,2,Level 2 (Moderate),21-50 Lesions,106.27,train
data/raw/acne_1024/acne2_1024/levle2_79.jpg,data/raw/acne_1024/acne2_1024/levle2_79.jpg,levle2_79.jpg,2,Level 2 (Moderate),21-50 Lesions,96.48,train
data/raw/acne_1024/acne2_1024/levle2_8.jpg,data/raw/acne_1024/acne2_1024/levle2_8.jpg,levle2_8.jpg,2,Level 2 (Moderate),21-50 Lesions,112.68,train
data/raw/acne_1024/acne2_1024/levle2_81.jpg,data/raw/acne_1024/acne2_1024/levle2_81.jpg,levle2_81.jpg,2,Level 2 (Moderate),21-50 Lesions,134.9,train
data/raw/acne_1024/acne2_1024/levle2_82.jpg,data/raw/acne_1024/acne2_1024/levle2_82.jpg,levle2_82.jpg,2,Level 2 (Moderate),21-50 Lesions,131.74,train
data/raw/acne_1024/acne2_1024/levle2_83.jpg,data/raw/acne_1024/acne2_1024/levle2_83.jpg,levle2_83.jpg,2,Level 2 (Moderate),21-50 Lesions,133.56,train
data/raw/acne_1024/acne2_1024/levle2_84.jpg,data/raw/acne_1024/acne2_1024/levle2_84.jpg,levle2_84.jpg,2,Level 2 (Moderate),21-50 Lesions,99.83,train
data/raw/acne_1024/acne2_1024/levle2_85.jpg,data/raw/acne_1024/acne2_1024/levle2_85.jpg,levle2_85.jpg,2,Level 2 (Moderate),21-50 Lesions,105.74,train
data/raw/acne_1024/acne2_1024/levle2_86.jpg,data/raw/acne_1024/acne2_1024/levle2_86.jpg,levle2_86.jpg,2,Level 2 (Moderate),21-50 Lesions,97.05,val
data/raw/acne_1024/acne2_1024/levle2_87.jpg,data/raw/acne_1024/acne2_1024/levle2_87.jpg,levle2_87.jpg,2,Level 2 (Moderate),21-50 Lesions,137.81,train
data/raw/acne_1024/acne2_1024/levle2_88.jpg,data/raw/acne_1024/acne2_1024/levle2_88.jpg,levle2_88.jpg,2,Level 2 (Moderate),21-50 Lesions,96.55,train
data/raw/acne_1024/acne2_1024/levle2_89.jpg,data/raw/acne_1024/acne2_1024/levle2_89.jpg,levle2_89.jpg,2,Level 2 (Moderate),21-50 Lesions,40.64,train
data/raw/acne_1024/acne2_1024/levle2_9.jpg,data/raw/acne_1024/acne2_1024/levle2_9.jpg,levle2_9.jpg,2,Level 2 (Moderate),21-50 Lesions,73.73,test
data/raw/acne_1024/acne2_1024/levle2_90.jpg,data/raw/acne_1024/acne2_1024/levle2_90.jpg,levle2_90.jpg,2,Level 2 (Moderate),21-50 Lesions,53.1,val
data/raw/acne_1024/acne2_1024/levle2_93.jpg,data/raw/acne_1024/acne2_1024/levle2_93.jpg,levle2_93.jpg,2,Level 2 (Moderate),21-50 Lesions,38.27,train
data/raw/acne_1024/acne2_1024/levle2_94.jpg,data/raw/acne_1024/acne2_1024/levle2_94.jpg,levle2_94.jpg,2,Level 2 (Moderate),21-50 Lesions,94.71,train
data/raw/acne_1024/acne2_1024/levle2_95.jpg,data/raw/acne_1024/acne2_1024/levle2_95.jpg,levle2_95.jpg,2,Level 2 (Moderate),21-50 Lesions,91.99,train
data/raw/acne_1024/acne2_1024/levle2_96.jpg,data/raw/acne_1024/acne2_1024/levle2_96.jpg,levle2_96.jpg,2,Level 2 (Moderate),21-50 Lesions,103.36,val
data/raw/acne_1024/acne2_1024/levle2_97.jpg,data/raw/acne_1024/acne2_1024/levle2_97.jpg,levle2_97.jpg,2,Level 2 (Moderate),21-50 Lesions,103.59,test
data/raw/acne_1024/acne2_1024/levle2_98.jpg,data/raw/acne_1024/acne2_1024/levle2_98.jpg,levle2_98.jpg,2,Level 2 (Moderate),21-50 Lesions,133.24,train
data/raw/acne_1024/acne2_1024/levle2_99.jpg,data/raw/acne_1024/acne2_1024/levle2_99.jpg,levle2_99.jpg,2,Level 2 (Moderate),21-50 Lesions,167.97,val
data/raw/acne_1024/acne3_1024/levle3_0.jpg,data/raw/acne_1024/acne3_1024/levle3_0.jpg,levle3_0.jpg,3,Level 3 (Severe),>50 Lesions,53.62,train
data/raw/acne_1024/acne3_1024/levle3_1.jpg,data/raw/acne_1024/acne3_1024/levle3_1.jpg,levle3_1.jpg,3,Level 3 (Severe),>50 Lesions,92.24,test
data/raw/acne_1024/acne3_1024/levle3_101.jpg,data/raw/acne_1024/acne3_1024/levle3_101.jpg,levle3_101.jpg,3,Level 3 (Severe),>50 Lesions,130.66,train
data/raw/acne_1024/acne3_1024/levle3_102.jpg,data/raw/acne_1024/acne3_1024/levle3_102.jpg,levle3_102.jpg,3,Level 3 (Severe),>50 Lesions,94.09,test
data/raw/acne_1024/acne3_1024/levle3_103.jpg,data/raw/acne_1024/acne3_1024/levle3_103.jpg,levle3_103.jpg,3,Level 3 (Severe),>50 Lesions,79.15,test
data/raw/acne_1024/acne3_1024/levle3_105.jpg,data/raw/acne_1024/acne3_1024/levle3_105.jpg,levle3_105.jpg,3,Level 3 (Severe),>50 Lesions,76.31,train
data/raw/acne_1024/acne3_1024/levle3_106.jpg,data/raw/acne_1024/acne3_1024/levle3_106.jpg,levle3_106.jpg,3,Level 3 (Severe),>50 Lesions,117.53,train
data/raw/acne_1024/acne3_1024/levle3_107.jpg,data/raw/acne_1024/acne3_1024/levle3_107.jpg,levle3_107.jpg,3,Level 3 (Severe),>50 Lesions,64.26,train
data/raw/acne_1024/acne3_1024/levle3_108.jpg,data/raw/acne_1024/acne3_1024/levle3_108.jpg,levle3_108.jpg,3,Level 3 (Severe),>50 Lesions,41.56,val
data/raw/acne_1024/acne3_1024/levle3_109.jpg,data/raw/acne_1024/acne3_1024/levle3_109.jpg,levle3_109.jpg,3,Level 3 (Severe),>50 Lesions,57.06,train
data/raw/acne_1024/acne3_1024/levle3_110.jpg,data/raw/acne_1024/acne3_1024/levle3_110.jpg,levle3_110.jpg,3,Level 3 (Severe),>50 Lesions,48.48,train
data/raw/acne_1024/acne3_1024/levle3_111.jpg,data/raw/acne_1024/acne3_1024/levle3_111.jpg,levle3_111.jpg,3,Level 3 (Severe),>50 Lesions,85.19,val
data/raw/acne_1024/acne3_1024/levle3_112.jpg,data/raw/acne_1024/acne3_1024/levle3_112.jpg,levle3_112.jpg,3,Level 3 (Severe),>50 Lesions,88.08,train
data/raw/acne_1024/acne3_1024/levle3_113.jpg,data/raw/acne_1024/acne3_1024/levle3_113.jpg,levle3_113.jpg,3,Level 3 (Severe),>50 Lesions,85.31,val
data/raw/acne_1024/acne3_1024/levle3_114.jpg,data/raw/acne_1024/acne3_1024/levle3_114.jpg,levle3_114.jpg,3,Level 3 (Severe),>50 Lesions,83.07,train
data/raw/acne_1024/acne3_1024/levle3_115.jpg,data/raw/acne_1024/acne3_1024/levle3_115.jpg,levle3_115.jpg,3,Level 3 (Severe),>50 Lesions,132.12,train
data/raw/acne_1024/acne3_1024/levle3_116.jpg,data/raw/acne_1024/acne3_1024/levle3_116.jpg,levle3_116.jpg,3,Level 3 (Severe),>50 Lesions,133.06,train
data/raw/acne_1024/acne3_1024/levle3_118.jpg,data/raw/acne_1024/acne3_1024/levle3_118.jpg,levle3_118.jpg,3,Level 3 (Severe),>50 Lesions,99.21,val
data/raw/acne_1024/acne3_1024/levle3_119.jpg,data/raw/acne_1024/acne3_1024/levle3_119.jpg,levle3_119.jpg,3,Level 3 (Severe),>50 Lesions,47.23,train
data/raw/acne_1024/acne3_1024/levle3_121.jpg,data/raw/acne_1024/acne3_1024/levle3_121.jpg,levle3_121.jpg,3,Level 3 (Severe),>50 Lesions,59.2,val
data/raw/acne_1024/acne3_1024/levle3_122.jpg,data/raw/acne_1024/acne3_1024/levle3_122.jpg,levle3_122.jpg,3,Level 3 (Severe),>50 Lesions,96.47,train
data/raw/acne_1024/acne3_1024/levle3_125.jpg,data/raw/acne_1024/acne3_1024/levle3_125.jpg,levle3_125.jpg,3,Level 3 (Severe),>50 Lesions,76.77,val
data/raw/acne_1024/acne3_1024/levle3_126.jpg,data/raw/acne_1024/acne3_1024/levle3_126.jpg,levle3_126.jpg,3,Level 3 (Severe),>50 Lesions,69.75,train
data/raw/acne_1024/acne3_1024/levle3_127.jpg,data/raw/acne_1024/acne3_1024/levle3_127.jpg,levle3_127.jpg,3,Level 3 (Severe),>50 Lesions,64.14,val
data/raw/acne_1024/acne3_1024/levle3_128.jpg,data/raw/acne_1024/acne3_1024/levle3_128.jpg,levle3_128.jpg,3,Level 3 (Severe),>50 Lesions,48.83,val
data/raw/acne_1024/acne3_1024/levle3_129.jpg,data/raw/acne_1024/acne3_1024/levle3_129.jpg,levle3_129.jpg,3,Level 3 (Severe),>50 Lesions,98.67,test
data/raw/acne_1024/acne3_1024/levle3_130.jpg,data/raw/acne_1024/acne3_1024/levle3_130.jpg,levle3_130.jpg,3,Level 3 (Severe),>50 Lesions,128.96,train
data/raw/acne_1024/acne3_1024/levle3_131.jpg,data/raw/acne_1024/acne3_1024/levle3_131.jpg,levle3_131.jpg,3,Level 3 (Severe),>50 Lesions,136.83,train
data/raw/acne_1024/acne3_1024/levle3_132.jpg,data/raw/acne_1024/acne3_1024/levle3_132.jpg,levle3_132.jpg,3,Level 3 (Severe),>50 Lesions,129.92,val
data/raw/acne_1024/acne3_1024/levle3_133.jpg,data/raw/acne_1024/acne3_1024/levle3_133.jpg,levle3_133.jpg,3,Level 3 (Severe),>50 Lesions,110.22,test
data/raw/acne_1024/acne3_1024/levle3_136.jpg,data/raw/acne_1024/acne3_1024/levle3_136.jpg,levle3_136.jpg,3,Level 3 (Severe),>50 Lesions,135.47,train
data/raw/acne_1024/acne3_1024/levle3_14.jpg,data/raw/acne_1024/acne3_1024/levle3_14.jpg,levle3_14.jpg,3,Level 3 (Severe),>50 Lesions,57.2,train
data/raw/acne_1024/acne3_1024/levle3_140.jpg,data/raw/acne_1024/acne3_1024/levle3_140.jpg,levle3_140.jpg,3,Level 3 (Severe),>50 Lesions,57.06,train
data/raw/acne_1024/acne3_1024/levle3_141.jpg,data/raw/acne_1024/acne3_1024/levle3_141.jpg,levle3_141.jpg,3,Level 3 (Severe),>50 Lesions,45.67,train
data/raw/acne_1024/acne3_1024/levle3_142.jpg,data/raw/acne_1024/acne3_1024/levle3_142.jpg,levle3_142.jpg,3,Level 3 (Severe),>50 Lesions,137.85,train
data/raw/acne_1024/acne3_1024/levle3_143.jpg,data/raw/acne_1024/acne3_1024/levle3_143.jpg,levle3_143.jpg,3,Level 3 (Severe),>50 Lesions,132.8,train
data/raw/acne_1024/acne3_1024/levle3_144.jpg,data/raw/acne_1024/acne3_1024/levle3_144.jpg,levle3_144.jpg,3,Level 3 (Severe),>50 Lesions,84.67,test
data/raw/acne_1024/acne3_1024/levle3_145.jpg,data/raw/acne_1024/acne3_1024/levle3_145.jpg,levle3_145.jpg,3,Level 3 (Severe),>50 Lesions,59.27,val
data/raw/acne_1024/acne3_1024/levle3_2.jpg,data/raw/acne_1024/acne3_1024/levle3_2.jpg,levle3_2.jpg,3,Level 3 (Severe),>50 Lesions,94.19,train
data/raw/acne_1024/acne3_1024/levle3_21.jpg,data/raw/acne_1024/acne3_1024/levle3_21.jpg,levle3_21.jpg,3,Level 3 (Severe),>50 Lesions,89.88,test
data/raw/acne_1024/acne3_1024/levle3_23.jpg,data/raw/acne_1024/acne3_1024/levle3_23.jpg,levle3_23.jpg,3,Level 3 (Severe),>50 Lesions,67.98,train
data/raw/acne_1024/acne3_1024/levle3_24.jpg,data/raw/acne_1024/acne3_1024/levle3_24.jpg,levle3_24.jpg,3,Level 3 (Severe),>50 Lesions,90.59,train
data/raw/acne_1024/acne3_1024/levle3_26.jpg,data/raw/acne_1024/acne3_1024/levle3_26.jpg,levle3_26.jpg,3,Level 3 (Severe),>50 Lesions,44.8,train
data/raw/acne_1024/acne3_1024/levle3_27.jpg,data/raw/acne_1024/acne3_1024/levle3_27.jpg,levle3_27.jpg,3,Level 3 (Severe),>50 Lesions,60.54,val
data/raw/acne_1024/acne3_1024/levle3_28.jpg,data/raw/acne_1024/acne3_1024/levle3_28.jpg,levle3_28.jpg,3,Level 3 (Severe),>50 Lesions,56.83,train
data/raw/acne_1024/acne3_1024/levle3_29.jpg,data/raw/acne_1024/acne3_1024/levle3_29.jpg,levle3_29.jpg,3,Level 3 (Severe),>50 Lesions,58.34,train
data/raw/acne_1024/acne3_1024/levle3_30.jpg,data/raw/acne_1024/acne3_1024/levle3_30.jpg,levle3_30.jpg,3,Level 3 (Severe),>50 Lesions,48.97,train
data/raw/acne_1024/acne3_1024/levle3_31.jpg,data/raw/acne_1024/acne3_1024/levle3_31.jpg,levle3_31.jpg,3,Level 3 (Severe),>50 Lesions,70.56,train
data/raw/acne_1024/acne3_1024/levle3_33.jpg,data/raw/acne_1024/acne3_1024/levle3_33.jpg,levle3_33.jpg,3,Level 3 (Severe),>50 Lesions,58.81,train
data/raw/acne_1024/acne3_1024/levle3_34.jpg,data/raw/acne_1024/acne3_1024/levle3_34.jpg,levle3_34.jpg,3,Level 3 (Severe),>50 Lesions,77.47,train
data/raw/acne_1024/acne3_1024/levle3_36.jpg,data/raw/acne_1024/acne3_1024/levle3_36.jpg,levle3_36.jpg,3,Level 3 (Severe),>50 Lesions,72.76,train
data/raw/acne_1024/acne3_1024/levle3_37.jpg,data/raw/acne_1024/acne3_1024/levle3_37.jpg,levle3_37.jpg,3,Level 3 (Severe),>50 Lesions,70.32,train
data/raw/acne_1024/acne3_1024/levle3_38.jpg,data/raw/acne_1024/acne3_1024/levle3_38.jpg,levle3_38.jpg,3,Level 3 (Severe),>50 Lesions,124.77,test
data/raw/acne_1024/acne3_1024/levle3_39.jpg,data/raw/acne_1024/acne3_1024/levle3_39.jpg,levle3_39.jpg,3,Level 3 (Severe),>50 Lesions,112.73,train
data/raw/acne_1024/acne3_1024/levle3_4.jpg,data/raw/acne_1024/acne3_1024/levle3_4.jpg,levle3_4.jpg,3,Level 3 (Severe),>50 Lesions,72.6,train
data/raw/acne_1024/acne3_1024/levle3_40.jpg,data/raw/acne_1024/acne3_1024/levle3_40.jpg,levle3_40.jpg,3,Level 3 (Severe),>50 Lesions,103.71,train
data/raw/acne_1024/acne3_1024/levle3_42.jpg,data/raw/acne_1024/acne3_1024/levle3_42.jpg,levle3_42.jpg,3,Level 3 (Severe),>50 Lesions,73.97,train
data/raw/acne_1024/acne3_1024/levle3_43.jpg,data/raw/acne_1024/acne3_1024/levle3_43.jpg,levle3_43.jpg,3,Level 3 (Severe),>50 Lesions,50.0,test
data/raw/acne_1024/acne3_1024/levle3_44.jpg,data/raw/acne_1024/acne3_1024/levle3_44.jpg,levle3_44.jpg,3,Level 3 (Severe),>50 Lesions,67.01,test
data/raw/acne_1024/acne3_1024/levle3_46.jpg,data/raw/acne_1024/acne3_1024/levle3_46.jpg,levle3_46.jpg,3,Level 3 (Severe),>50 Lesions,67.43,train
data/raw/acne_1024/acne3_1024/levle3_49.jpg,data/raw/acne_1024/acne3_1024/levle3_49.jpg,levle3_49.jpg,3,Level 3 (Severe),>50 Lesions,55.85,train
data/raw/acne_1024/acne3_1024/levle3_52.jpg,data/raw/acne_1024/acne3_1024/levle3_52.jpg,levle3_52.jpg,3,Level 3 (Severe),>50 Lesions,90.48,train
data/raw/acne_1024/acne3_1024/levle3_53.jpg,data/raw/acne_1024/acne3_1024/levle3_53.jpg,levle3_53.jpg,3,Level 3 (Severe),>50 Lesions,97.78,train
data/raw/acne_1024/acne3_1024/levle3_55.jpg,data/raw/acne_1024/acne3_1024/levle3_55.jpg,levle3_55.jpg,3,Level 3 (Severe),>50 Lesions,66.11,train
data/raw/acne_1024/acne3_1024/levle3_56.jpg,data/raw/acne_1024/acne3_1024/levle3_56.jpg,levle3_56.jpg,3,Level 3 (Severe),>50 Lesions,71.8,train
data/raw/acne_1024/acne3_1024/levle3_57.jpg,data/raw/acne_1024/acne3_1024/levle3_57.jpg,levle3_57.jpg,3,Level 3 (Severe),>50 Lesions,62.85,test
data/raw/acne_1024/acne3_1024/levle3_58.jpg,data/raw/acne_1024/acne3_1024/levle3_58.jpg,levle3_58.jpg,3,Level 3 (Severe),>50 Lesions,62.27,test
data/raw/acne_1024/acne3_1024/levle3_63.jpg,data/raw/acne_1024/acne3_1024/levle3_63.jpg,levle3_63.jpg,3,Level 3 (Severe),>50 Lesions,66.84,train
data/raw/acne_1024/acne3_1024/levle3_64.jpg,data/raw/acne_1024/acne3_1024/levle3_64.jpg,levle3_64.jpg,3,Level 3 (Severe),>50 Lesions,63.27,train
data/raw/acne_1024/acne3_1024/levle3_65.jpg,data/raw/acne_1024/acne3_1024/levle3_65.jpg,levle3_65.jpg,3,Level 3 (Severe),>50 Lesions,50.04,train
data/raw/acne_1024/acne3_1024/levle3_68.jpg,data/raw/acne_1024/acne3_1024/levle3_68.jpg,levle3_68.jpg,3,Level 3 (Severe),>50 Lesions,90.32,train
data/raw/acne_1024/acne3_1024/levle3_70.jpg,data/raw/acne_1024/acne3_1024/levle3_70.jpg,levle3_70.jpg,3,Level 3 (Severe),>50 Lesions,78.34,train
data/raw/acne_1024/acne3_1024/levle3_71.jpg,data/raw/acne_1024/acne3_1024/levle3_71.jpg,levle3_71.jpg,3,Level 3 (Severe),>50 Lesions,53.84,val
data/raw/acne_1024/acne3_1024/levle3_72.jpg,data/raw/acne_1024/acne3_1024/levle3_72.jpg,levle3_72.jpg,3,Level 3 (Severe),>50 Lesions,134.45,val
data/raw/acne_1024/acne3_1024/levle3_73.jpg,data/raw/acne_1024/acne3_1024/levle3_73.jpg,levle3_73.jpg,3,Level 3 (Severe),>50 Lesions,156.74,train
data/raw/acne_1024/acne3_1024/levle3_74.jpg,data/raw/acne_1024/acne3_1024/levle3_74.jpg,levle3_74.jpg,3,Level 3 (Severe),>50 Lesions,136.93,train
data/raw/acne_1024/acne3_1024/levle3_75.jpg,data/raw/acne_1024/acne3_1024/levle3_75.jpg,levle3_75.jpg,3,Level 3 (Severe),>50 Lesions,141.2,train
data/raw/acne_1024/acne3_1024/levle3_77.jpg,data/raw/acne_1024/acne3_1024/levle3_77.jpg,levle3_77.jpg,3,Level 3 (Severe),>50 Lesions,74.89,train
data/raw/acne_1024/acne3_1024/levle3_79.jpg,data/raw/acne_1024/acne3_1024/levle3_79.jpg,levle3_79.jpg,3,Level 3 (Severe),>50 Lesions,67.06,train
data/raw/acne_1024/acne3_1024/levle3_80.jpg,data/raw/acne_1024/acne3_1024/levle3_80.jpg,levle3_80.jpg,3,Level 3 (Severe),>50 Lesions,77.68,train
data/raw/acne_1024/acne3_1024/levle3_81.jpg,data/raw/acne_1024/acne3_1024/levle3_81.jpg,levle3_81.jpg,3,Level 3 (Severe),>50 Lesions,68.84,val
data/raw/acne_1024/acne3_1024/levle3_82.jpg,data/raw/acne_1024/acne3_1024/levle3_82.jpg,levle3_82.jpg,3,Level 3 (Severe),>50 Lesions,81.64,train
data/raw/acne_1024/acne3_1024/levle3_83.jpg,data/raw/acne_1024/acne3_1024/levle3_83.jpg,levle3_83.jpg,3,Level 3 (Severe),>50 Lesions,80.95,train
data/raw/acne_1024/acne3_1024/levle3_84.jpg,data/raw/acne_1024/acne3_1024/levle3_84.jpg,levle3_84.jpg,3,Level 3 (Severe),>50 Lesions,52.14,train
data/raw/acne_1024/acne3_1024/levle3_85.jpg,data/raw/acne_1024/acne3_1024/levle3_85.jpg,levle3_85.jpg,3,Level 3 (Severe),>50 Lesions,36.31,train
data/raw/acne_1024/acne3_1024/levle3_86.jpg,data/raw/acne_1024/acne3_1024/levle3_86.jpg,levle3_86.jpg,3,Level 3 (Severe),>50 Lesions,47.95,train
data/raw/acne_1024/acne3_1024/levle3_87.jpg,data/raw/acne_1024/acne3_1024/levle3_87.jpg,levle3_87.jpg,3,Level 3 (Severe),>50 Lesions,107.96,val
data/raw/acne_1024/acne3_1024/levle3_89.jpg,data/raw/acne_1024/acne3_1024/levle3_89.jpg,levle3_89.jpg,3,Level 3 (Severe),>50 Lesions,142.61,test
data/raw/acne_1024/acne3_1024/levle3_90.jpg,data/raw/acne_1024/acne3_1024/levle3_90.jpg,levle3_90.jpg,3,Level 3 (Severe),>50 Lesions,126.41,train
data/raw/acne_1024/acne3_1024/levle3_91.jpg,data/raw/acne_1024/acne3_1024/levle3_91.jpg,levle3_91.jpg,3,Level 3 (Severe),>50 Lesions,82.4,test
data/raw/acne_1024/acne3_1024/levle3_92.jpg,data/raw/acne_1024/acne3_1024/levle3_92.jpg,levle3_92.jpg,3,Level 3 (Severe),>50 Lesions,87.88,train
data/raw/acne_1024/acne3_1024/levle3_93.jpg,data/raw/acne_1024/acne3_1024/levle3_93.jpg,levle3_93.jpg,3,Level 3 (Severe),>50 Lesions,100.71,train
data/raw/acne_1024/acne3_1024/levle3_94.jpg,data/raw/acne_1024/acne3_1024/levle3_94.jpg,levle3_94.jpg,3,Level 3 (Severe),>50 Lesions,108.75,train
data/raw/acne_1024/acne3_1024/levle3_95.jpg,data/raw/acne_1024/acne3_1024/levle3_95.jpg,levle3_95.jpg,3,Level 3 (Severe),>50 Lesions,78.52,train
data/raw/acne_1024/acne3_1024/levle3_96.jpg,data/raw/acne_1024/acne3_1024/levle3_96.jpg,levle3_96.jpg,3,Level 3 (Severe),>50 Lesions,84.23,train
data/raw/acne_1024/acne3_1024/levle3_97.jpg,data/raw/acne_1024/acne3_1024/levle3_97.jpg,levle3_97.jpg,3,Level 3 (Severe),>50 Lesions,110.21,train
